Product_ID,Brand,Species,Product_Name,breed_size,Type,AAFCO,life_stage,complete_and_balanced,Ingredients ( protein_source),mentioned_diet_category,not_recommended_for,good_for / recommended_for,Protein (Dry Matter%),Protein (g/1000 kcal),Fat (Dry Matter%),Fat (g/1000 kcal),Fiber (Crude) (Dry Matter%),Fiber (Crude) (g/1000 kcal),Total Dietary Fiber (TDF) (Dry Matter%),Total Dietary Fiber (TDF) (g/1000 kcal),Carbohydrate (NFE) (Dry Matter%),Carbohydrate (NFE) (g/1000 kcal),Calcium (Dry Matter%),Calcium (g/1000 kcal),Phosphorus (Dry Matter%),Phosphorus (g/1000 kcal),Potassium (Dry Matter%),Potassium (g/1000 kcal),Sodium (Dry Matter%),Sodium (g/1000 kcal),Magnesium (Dry Matter%),Magnesium (g/1000 kcal),Copper (Dry Matter (mg/kg)),Copper (mg/1000 kcal),Taurine (Dry Matter%),Taurine (g/1000 kcal),Total Omega-6Fatty Acids (g/1000 kcal),Total Omega-6Fatty Acids (Dry Matter%),Total Omega-3Fatty Acids (g/1000 kcal),Total Omega-3Fatty Acids (Dry Matter%),EPA & DHA (Dry Matter%),EPA & DHA (g/1000 kcal),Vitamin C (Dry Matter%),Vitamin C (g/1000 kcal),Vitamin E (Dry Matter (IU/kg)),Vitamin E (IU/1000 kcal),Other_Vitamins,Zinc (mg/1000 kcal),Zinc (Dry Matter (mg/kg)),Vitamin D3 (IU/1000 kcal),Vitamin D3 (Dry Matter (IU/kg)),Iodine (g/1000 kcal),Iodine (Dry Matter%),Ash (g/1000 kcal),Ash (Dry Matter%),Chloride (g/1000 kcal),Chloride (Dry Matter%),Vitamin A (Dry Matter (IU/kg)),Vitamin A (IU/1000 kcal),Biotin (Dry Matter mg/kg)),Glucosamine (Dry Matter%),Glucosamine (g/1000 kcal)
H_D_P01,Hills,Dog,Gastrointestinal Biome Dog Food (with Chicken),"small,medium,large",Dry,M,Adult,Yes,"Chicken,Barley,Rice,Corn,Oat,Flaxseed,pumpkin","Moderate Protein,Moderate Fat,High Fiber,Moderate Carb","reproduction,urinary problems,kidney disease","Gastrointestinal Health,Healthy Immune System",21,58,12.6,35,7.4,21,17.9,49,51.8,143,1.16,3.22,0.67,1.86,0.99,2.75,0.39,1.09,0.099,0.27,,,,,9.63,3.48,3.93,1.42,,,0.0168,0.0464,740,204.8," B1,B3,B5,A,B2,B6,B12,B7,B9,D3",,,,,,,,,,,,,,,
H_D_P02,Hills,Dog,Gastrointestinal Biome Dog Food (Chicken and Vegetable Stew),"small,medium,large",Stew,M,Adult,Yes,"Chicken,Pork Liver,Rice,Barley,Flaxseed,pumpkin,carrot,Spinach,oat","Moderate Protein,Moderate Fat,High Fiber,Moderate Carb","reproduction,urinary problems,kidney disease","Gastrointestinal Health,Healthy Immune System",25.3,66,15.1,40,7.3,19,20.4,54,45.9,121,1.08,2.83,0.57,1.49,0.95,2.5,0.35,0.91,0.093,0.25,,,,,8.39,3.19,3.58,1.36,,,0.0141,0.0372,623,163.9," B1,B3,B5,B12,B6,B7,B2,B9,D3",,,,,,,,,,,,,,,
H_D_P03,Hills,Dog,i/d Dog Food (Small Bites Chicken Flavor),small,Dry,MG,all,Yes,"Rice,Corn,Chicken,Pea,Egg,Flaxseed","Moderate Protein,Moderate Fat,Moderate Fiber,Moderate Carb",,"Gastrointestinal Health,Healthy Immune System,Skin Health",26.7,68,14.4,37,2.1,5,7.4,19,50.2,128,1.11,2.85,0.9,2.3,0.91,2.33,0.46,1.18,0.098,0.25,,,,,8.17,3.2,1.38,0.54,,,0.0085,0.0216,735,188.1," B3,B1,B5,A,B2,B7,B6,B12,B9,D3",,,,,,,,,,,,,,,
H_D_P04,Hills,Dog,i/d Dog Food (Chicken Flavor),"small,medium,large",Dry,MG,all,Yes,"Rice,Corn,Chicken,pork liver,Pea,Egg,Flaxseed",",Moderate Protein,Moderate Fat,Moderate Fiber,Moderate Carb",,"Gastrointestinal Health,Healthy Immune System,Skin Health",26.7,68,14.4,37,2.1,5,7.4,19,50.2,128,1.11,2.85,0.9,2.3,0.91,2.33,0.46,1.18,0.098,0.25,,,,,8.17,3.2,1.38,0.54,,,0.0085,0.0216,735,188.1," B3,B1,B5,A,B2,B7,B6,B12,B9,D3",,,,,,,,,,,,,,,
H_D_P05,Hills,Dog,i/d Dog Food (with Turkey),"small,medium,large",Canned,MG,all,Yes,"Turkey,Rice,Pork Liver,Egg,Corn,Flaxseed",",Moderate Protein,Moderate Fat,Low Fiber,Moderate Carb",,"Gastrointestinal Health,Healthy Immune System,Skin Health",25.2,63,15.6,39,1.4,3,4.3,11,51.6,129,1.08,2.68,0.78,1.95,0.92,2.31,0.39,0.97,0.069,0.17,,,,,9.88,3.96,1.18,0.47,,,0.0161,0.0402,996,248.4," B1,B3,B5,A,B2,B6,B12,B7,K,B9,D3",,,,,,,,,,,,,,,
H_D_P06,Hills,Dog,i/d Dog Food (Chicken and Vegetable Stew),"small,medium,large",Stew,MG,all,Yes,"Chicken,Pork Liver,Rice,Egg,beet",",Moderate Protein,Moderate Fat,Moderate Fiber,Moderate Carb",,"Gastrointestinal Health,Healthy Immune System,Skin Health",25.5,65,14.7,38,2.2,6,8.6,22,50.1,128,1.11,2.86,0.78,2,0.97,2.47,0.49,1.26,0.08,0.2,,,,,7.56,2.95,0.86,0.34,,,0.0141,0.0361,1094,280.2," B1,B3,B5,B12,B6,B7,B2,B9,D3",,,,,,,,,,,,,,,
H_D_P07,Hills,Dog,i/d Dog Food (Chicken and Vegetables),"small,medium,large",Stew,MG,all,Yes,"Chicken,Pork Liver,Rice,Egg,beet,carrot,",",Moderate Protein,Moderate Fat,Moderate Fiber,Moderate Carb",,"Gastrointestinal Health,Healthy Immune System,Skin Health",25.5,65,14.7,38,2.2,6,8.6,22,50.3,129,1.11,2.86,0.78,2,0.97,2.47,0.49,1.26,0.08,0.2,,,,,7.56,2.95,0.86,0.34,,,0.0141,0.0361,1094,280.2," B1,B3,B5,B12,B6,B7,B2,B9,D3",,,,,,,,,,,,,,,
H_D_P08,Hills,Dog,i/d Low Fat Dog Food Chicken Flavor),"small,medium,large",Dry,M,Adult,Yes,"Rice,Corn,Chicken,pork liver,Flaxseed","Moderate Protein,Low Fat,Low Fiber,High Carb","pregnancy,lactation","Gastrointestinal Health,urinary health,kidney health",26.1,72,7.5,21,1.8,5,5.2,14,58.6,163,0.85,2.35,0.64,1.77,0.92,2.56,0.45,1.24,0.104,0.29,,,,,4.94,1.78,1.9,0.68,,,0.0109,0.0301,747,207.5," B1,B3,B5,A,B6,B2,B12,B7,B9,D3",,,,,,,,,,,,,,,
H_D_P09,Hills,Dog,i/d Low Fat Dog Food (Original Flavor),"small,medium,large",Canned,M,Adult,Yes,"Rice,Pork Liver,Turkey,Pork,Corn,Egg,Flaxseed","Moderate Protein,Low Fat,Moderate Fiber,High Carb","pregnancy,lactation","Gastrointestinal Health,urinary health,kidney health",24.6,69,7.4,21,2.8,8,8.2,23,58.8,166,0.77,2.18,0.6,1.69,0.95,2.68,0.5,1.41,0.102,0.29,,,,,6.68,2.37,1.78,0.63,,,0.0127,0.0357,817,230.2," B1,B3,K,B6,B5,B12,B2,B7,B9,D3",,,,,,,,,,,,,,,
H_D_P10,Hills,Dog,"i/d Low Fat Dog Food (Rice, Vegetable & Chicken Stew)","small,medium,large",Stew,M,Adult,Yes,"Pork Liver,Rice,Chicken,carrot,Egg,Flaxseed","Moderate Protein,Low Fat,Moderate Fiber,High Carb","pregnancy,lactation","Gastrointestinal Health,urinary health,kidney health",23.4,64,8.7,24,1.9,5,7,19,59.7,164,0.89,2.45,0.6,1.65,0.97,2.66,0.47,1.3,0.105,0.29,,,,,6.52,2.37,1.49,0.54,,,0.0195,0.0537,910,250.1," B1,B3,B5,B12,B6,B7,B2,K,B9,D3",,,,,,,,,,,,,,,
H_D_P11,Hills,Dog,i/d Stress Dog Food (Chicken Flavor),"small,medium,large",Dry,M,Adult,Yes,"Rice,Corn,Chicken,Flaxseed",",Moderate Protein,Low Fat,Low Fiber,High Carb","pregnancy,lactation","Gastrointestinal Health,urinary health,kidney health,Anxiety Support",26.1,73,7.5,21,1.8,5,5.1,14,58.5,162,0.85,2.35,0.64,1.79,0.91,2.52,0.45,1.26,0.104,0.29,,,,,4.94,1.78,1.9,0.68,,,0.0124,0.0345,678,188.4," B3,B1,A,B5,B2,B7,B12,B6,B9,D3",,,,,,,,,,,,,,,
H_D_P12,Hills,Dog,"i/d Stress Dog Food (Rice, Vegetable & Chicken Stew)","small,medium,large",Stew,M,Adult,Yes,"Pork Liver,Rice,Chicken,Egg,Flaxseed,carrot",",Moderate Protein,Low Fat,Moderate Fiber,High Carb","pregnancy,lactation","Gastrointestinal Health,urinary health,kidney health,Anxiety Support",23.4,64,8.7,24,1.9,5,7,19,59.3,163,0.89,2.45,0.6,1.65,0.97,2.65,0.48,1.32,0.105,0.29,,,,,6.51,2.37,1.49,0.54,,,0.0195,0.0536,910,249.9," B1,B3,B5,B12,B6,B7,B2,K,B9,D3",,,,,,,,,,,,,,,
H_D_P13,Hills,Dog,d/d Dog Food (Potato & Venison Recipe),"small,medium,large",Dry,M,Adult,Yes,"Potato,Venison","non-allergenic,Moderate Protein,Moderate Fat,Moderate Fiber,High Carb","pregnancy,lactation,Hyperlipidemia,heart failure,pancreatitis","Skin Health,Food Sensitivity,Healthy Immune System,Gastrointestinal Health",18.5,47,16,40,3.3,8,8.3,21,55.7,141,0.9,2.27,0.61,1.54,0.95,2.4,0.37,0.94,0.069,0.17,,,,,8.55,3.38,2.27,0.9,,,0.0109,0.0276,708,179," B3,B1,B5,B6,A,B2,B7,B12,B9,D3",,,,,,,,,,,,,,,
H_D_P14,Hills,Dog,d/d Dog Food (Potato & Duck Recipe),"small,medium,large",Dry,M,Adult,Yes,"Potato,Duck","non-allergenic,Moderate Protein,Moderate Fat,Moderate Fiber,High Carb","pregnancy,lactation,Hyperlipidemia,heart failure,pancreatitis","Skin Health,Food Sensitivity,Healthy Immune System,Gastrointestinal Health",18.5,47,16,40,3.3,8,8.4,21,56.1,141,0.85,2.14,0.58,1.45,0.95,2.39,0.37,0.93,0.1,0.25,,,,,8.45,3.35,2.27,0.9,,,0.011,0.0276,707,178.2," B3,B1,B5,B6,A,B2,B7,B12,B9,D3",,,,,,,,,,,,,,,
H_D_P15,Hills,Dog,d/d Dog Food (Potato & Salmon Recipe),"small,medium,large",Dry,M,Adult,Yes,"Potato,Salmon","non-allergenic,Moderate Protein,Moderate Fat,Moderate Fiber,High Carb","pregnancy,lactation,Hyperlipidemia,heart failure,pancreatitis","Skin Health,Food Sensitivity,Healthy Immune System,Gastrointestinal Health",18.5,47,16,40,3.4,9,8.4,21,55.8,141,0.85,2.14,0.65,1.64,0.95,2.4,0.39,0.98,0.1,0.25,,,,,9.19,3.64,2.37,0.94,,,0.011,0.0277,707,178.6," B3,B1,B5,B6,A,B2,B7,B12,B9,D3",,,,,,,,,,,,,,,
H_D_P16,Hills,Dog,d/d Dog Food (Salmon Formula),"small,medium,large",Canned,M,Adult,Yes,"Salmon,Potato","non-allergenic,Moderate Protein,Moderate Fat,Low Fiber,High Carb","pregnancy,lactation,Hyperlipidemia,heart failure,pancreatitis","Skin Health,Food Sensitivity,Healthy Immune System,Gastrointestinal Health",19.2,47,16.3,40,1.8,5,6.5,16,57.2,141,0.79,1.95,0.69,1.7,0.99,2.45,0.25,0.61,0.073,0.18,,,,,12.13,4.93,4.92,2,,,0.0113,0.0277,836,205.7," B1,B3,A,B5,B7,B12,B6,B2,B9",,,,,,,,,,,,,,,
H_D_P17,Hills,Dog,d/d Dog Food (Venison Formula),"small,medium,large",Canned,M,Adult,Yes,"Potato,Venison Liver,Venison","non-allergenic,Moderate Protein,Moderate Fat,Low Fiber,High Carb","pregnancy,lactation,Hyperlipidemia,heart failure,pancreatitis","Skin Health,Food Sensitivity,Healthy Immune System,Gastrointestinal Health",19.9,49,16.5,41,2.8,7,5.2,13,55.6,138,0.79,1.97,0.61,1.51,0.92,2.26,0.31,0.77,0.068,0.17,,,,,7.36,2.98,2.73,1.1,,,0.0152,0.0376,824,203.9," B1,B3,A,B5,B12,B6,B2,K,B7,B9,D3",,,,,,,,,,,,,,,
H_D_P18,Hills,Dog,d/d Dog Food (Duck Formula),"small,medium,large",Canned,M,Adult,Yes,"Duck,Potato,Duck Liver","non-allergenic,Low Protein,Moderate Fat,Low Fiber,High Carb","pregnancy,lactation,Hyperlipidemia,heart failure,pancreatitis","Skin Health,Food Sensitivity,Healthy Immune System,Gastrointestinal Health",17.2,43,16.4,41,3,7,6.4,16,57.2,143,0.92,2.3,0.62,1.54,0.98,2.44,0.39,0.98,0.052,0.13,,,,,13.2,5.28,2.69,1.08,,,0.0181,0.0453,800,199.8," B1,B3,B6,B5,B12,B2,B7,B9",,,,,,,,,,,,,,,
H_D_P19,Hills,Dog,Derm Complete Dog Food (Rice & Egg Recipe),"small,medium,large",Dry,M,Adult,Yes,"Brown Rice,Rice,Egg,Flaxseed","non-allergenic,Low Protein,Moderate Fat,Low Fiber,High Carb","pregnancy,lactation,Hyperlipidemia,heart failure,pancreatitis","Skin Health,Healthy Immune System,Food Sensitivity,urinary health,kidney health",17.3,42,17.4,42,1.4,3,4.4,11,59,142,0.62,1.49,0.54,1.31,0.85,2.06,0.22,0.52,0.102,0.25,,,,,10.99,4.56,4.83,2,,,0.0173,0.0418,904,217.9," B3,B1,A,B5,B2,B7,B12,B6,B9,D3",,,,,,,,,,,,,,,
H_D_P20,Hills,Dog,Derm Complete Dog Food (Rice & Egg Recipe),"small,medium,large",Canned,M,Adult,Yes,"Rice,Rice,Egg,Flaxseed","non-allergenic,Moderate Protein,Moderate Fat,Low Fiber,High Carb","pregnancy,lactation,Hyperlipidemia,heart failure,pancreatitis","Skin Health,Healthy Immune System,Food Sensitivity,urinary health,kidney health",20,49,16.8,41,1.3,3,4.9,12,56.7,138,0.8,1.94,0.55,1.34,0.7,1.7,0.36,0.88,0.085,0.21,,,,,9.16,3.76,4.58,1.88,,,0.0153,0.0371,935,227.5," B3,B1,A,B5,B12,B6,B2,K,B7,B9,D3",,,,,,,,,,,,,,,
H_D_P21,Hills,Dog,Derm Complete Puppy Dog Food (Rice & Egg Recipe),"small,medium,large",Dry,G,Growth,Yes,"Brown Rice,Egg,Flaxseed","non-allergenic,Moderate Protein,High Fat,Low Fiber,Moderate Carb","Hyperlipidemia,heart failure,pancreatitis","Skin Health,Food Sensitivity,Healthy Immune System",22.5,54,20.2,48,1.4,3,3.9,9,48.6,116,1.1,2.62,0.9,2.14,0.81,1.93,0.5,1.19,0.103,0.25,,,,,14.11,5.93,4.13,1.74,,,0.0101,0.0239,706,167.9," B3,B1,A,B5,B7,B2,B12,B6,B9,D3",,,,,,,,,,,,,,,
H_D_P22,Hills,Dog,z/d Dog Food (Original Flavor),"small,medium,large",Dry,M,Adult,Yes,"Corn,Chicken Liver,Chicken","non-allergenic,Moderate Protein,Moderate Fat,Low Fiber,High Carb","pregnancy,lactation","Gastrointestinal Health,Skin Health,Healthy Immune System,Food Sensitivity",19.8,51,14.4,37,4.7,12,6.6,17,55.5,144,0.87,2.25,0.59,1.52,0.81,2.1,0.26,0.68,0.089,0.23,,,,,11.67,4.51,1.29,0.5,,,0.0112,0.029,1031,266.7," B3,B1,A,B5,B7,B12,B6,B2,B9,D3",,,,,,,,,,,,,,,
H_D_P23,Hills,Dog,z/d Dog Food (Original Flavor),"small,medium,large",Canned,M,Adult,Yes,"Corn,Chicken Liver,Chicken","non-allergenic,Moderate Protein,Moderate Fat,Low Fiber,High Carb","pregnancy,lactation","Gastrointestinal Health,Skin Health,Healthy Immune System,Food Sensitivity",19.8,51,14.4,37,4.7,13,6.6,17,55.5,144,0.87,2.25,0.59,1.52,0.81,2.1,0.26,0.68,0.089,0.23,,,,,11.67,4.51,1.29,0.5,,,0.0112,0.029,1031,266.7," B1,B3,B5,B12,B6,B7,D3,B2,B9",,,,,,,,,,,,,,,
H_D_P24,Hills,Dog,z/d Dog Food (Small Bites Original Flavor),small,Dry,M,Adult,Yes,"Chicken Liver,Corn","non-allergenic,Moderate Protein,Moderate Fat,Moderate Fiber,Moderate Carb","pregnancy,lactation","Gastrointestinal Health,Skin Health,Healthy Immune System,Food Sensitivity",19.8,50,15.5,39,5,12,10.7,27,55,140,0.7,1.79,0.51,1.29,0.78,1.98,0.31,0.79,0.062,0.16,,,,,13.18,5.18,1.56,0.61,,,0.0253,0.0645,849,216.1," B3,B1,A,B5,B7,B12,B6,B2,B9,D3",,,,,,,,,,,,,,,
H_D_P25,Hills,Dog,z/d Low Fat Dog Food (Hydrolyzed Soy Recipe),"small,medium,large",Canned,M,Adult,Yes,"Corn,Soy,Flaxseed","non-allergenic,Moderate Protein,Low Fat,Moderate Fiber,High Carb","pregnancy,lactation","Gastrointestinal Health,Skin Health,Healthy Immune System,Food Sensitivity",27,77,7.4,21,4.5,4,9.3,26,55.4,158,0.8,2.27,0.55,1.57,0.85,2.42,0.38,1.08,0.1,0.28,,,,,5.89,2.07,1.71,0.6,,,0.0123,0.0349,741,210.8," B1,B3,B5,A,B12,B6,K,B2,B7,B9,D3",,,,,,,,,,,,,,,
H_D_P26,Hills,Dog,z/d Low Fat Dog Food (Hydrolyzed Soy Recipe),"small,medium,large",Dry,M,Adult,Yes,"Corn,Soy,Flaxseed","non-allergenic,Moderate Protein,Low Fat,Moderate Fiber,Moderate Carb","pregnancy,lactation","Gastrointestinal Health,Skin Health,Healthy Immune System,Food Sensitivity",29.9,81,9.4,25,1.3,13,9.9,27,53,143,0.9,2.42,0.72,1.95,0.99,2.68,0.37,1.01,0.115,0.31,,,,,9.14,3.38,2.03,0.75,,,0.0109,0.0295,1584,428.2," B3,B1,B6,B5,B2,A,B7,B12,B9,D3",,,,,,,,,,,,,,,
H_D_P27,Hills,Dog,Metabolic Dog Food (Chicken Flavor),"small,medium,large",Dry,M,Adult,Yes,"Wheat,Corn,Chicken,soy,Flaxseed,Beet,tomato","Weight Management,Moderate Protein,Moderate Fat,High Fiber,Moderate Carb","pregnancy,lactation","Healthy Immune System,Gastrointestinal Health",28,82,11.7,35,13.6,40,26.2,77,40.6,119,1.05,3.09,0.76,2.25,0.81,2.39,0.3,0.89,0.139,0.41,,,,,7.03,2.39,2.25,0.76,,,0.0209,0.0616,1093,322," B3,B1,A,B5,B2,B7,B12,B6,B9,D3",,,,,,,,,,,,,,,
H_D_P28,Hills,Dog,Metabolic Dog Food (Lamb & Rice Formula),"small,medium,large",Dry,M,Adult,Yes,"Lamb,Rice,sorghum,Corn,Wheat,soy,Flaxseed,tomato","Weight Management,Moderate Protein,Moderate Fat,High Fiber,Moderate Carb","pregnancy,lactation","Healthy Immune System,Gastrointestinal Health",27.2,81,11.3,34,13.3,40,23.5,70,41.4,123,1.16,3.45,0.79,2.35,0.87,2.57,0.37,1.1,0.125,0.37,,,,,6.22,2.09,3.37,1.13,,,0.02,0.0595,989,294," B3,B1,B5,A,B2,B7,B6,B12,B9,D3",,,,,,,,,,,,,,,
H_D_P29,Hills,Dog,Metabolic Dog Food (Chicken Flavor),"small,medium,large",Canned,M,Adult,Yes,"Pork Liver,Chicken,Corn,Rice,Pork,Egg,Flaxseed","Weight Management,Moderate Protein,Moderate Fat,High Fiber,Moderate Carb","pregnancy,lactation","Healthy Immune System,Gastrointestinal Health",27.8,81,12.9,38,14.7,43,24.2,70,39.2,114,0.78,2.26,0.59,1.71,0.81,2.35,0.4,1.15,0.09,0.26,,,,,7.35,2.53,2.27,0.78,,,0.0324,0.094,1342,389.7," B1,B3,B6,B5,B12,B2,B7,B9,D3",,,,,,,,,,,,,,,
H_D_P30,Hills,Dog,Metabolic Dog Food (Vegetable & Chicken Stew),"small,medium,large",Stew,M,Adult,Yes,"Pork Liver,Chicken,Rice,Pea,Flaxseed,carrot,tomato","Weight Management,Moderate Protein,Moderate Fat,High Fiber,Moderate Carb","pregnancy,lactation","Healthy Immune System,Gastrointestinal Health",29,83,11.4,33,11.6,33,22.4,64,41.8,120,0.99,2.85,0.65,1.86,0.98,2.8,0.45,1.28,0.081,0.23,,,,,5.44,1.89,3.82,1.33,,,0.0182,0.0524,933,268.1," B1,B3,B6,K,B5,B12,B2,B7,B9,D3",,,,,,,,,,,,,,,
H_D_P31,Hills,Dog,Metabolic Dog Food (Vegtable & Beef Stew),"small,medium,large",Stew,M,Adult,Yes,"Pork Liver,Beef,Rice,Pea,Barley,Flaxseed,carrot,tomato","Weight Management,Moderate Protein,Moderate Fat,High Fiber,Moderate Carb","pregnancy,lactation","Healthy Immune System,Gastrointestinal Health",29.7,85,12.7,36,12.9,37,24.1,69,38.8,111,0.91,2.62,0.62,1.78,0.99,2.83,0.36,1.03,0.079,0.23,,,,,5.23,1.82,3.28,1.14,,,0.0313,0.0899,1362,391.1," B1,B3,B6,B5,B12,B2,B7,D3,B9",,,,,,,,,,,,,,,
H_D_P32,Hills,Dog,Metabolic + j/d Dog Food (Chicken Flavor),"small,medium,large",Dry,M,Adult,Yes,"Chicken,Rice,Flaxseed,soy,Corn,Wheat,beet,tomato","Weight Management,Moderate Protein,Moderate Fat,High Fiber,Moderate Carb","pregnancy,lactation","bone and joint health,Healthy Immune System,Maintain Muscle Mass,Gastrointestinal Health",28.5,82,13.9,40,13.9,40,27.2,78,37.4,107,0.95,2.73,0.72,2.07,0.99,2.85,0.38,1.09,0.151,0.43,,,,,6.96,2.43,10.41,3.63,,,0.0113,0.0325,981,281.4," B3,B1,B6,B5,B2,B7,A,B12,B9,D3",,,,,,,,,,,,,,,
H_D_P33,Hills,Dog,Metabolic + j/d Dog Food (Vegetable & Tuna Stew),"small,medium,large",Stew,M,Adult,Yes,"Pork Liver,Tuna,Rice,Egg,Flaxseed,carrot,spinach,tomato","Weight Management,Moderate Protein,Moderate Fat,High Fiber,Moderate Carb","pregnancy,lactation","bone and joint health,Healthy Immune System,Maintain Muscle Mass,Gastrointestinal Health",28.1,81,14.9,43,16.3,47,29.1,84,34.6,100,0.79,2.29,0.56,1.63,0.98,2.82,0.39,1.12,0.095,0.27,,,,,5.14,1.78,9.39,3.25,,,0.015,0.0432,1206,348.3," B1,B3,B5,B12,B6,B7,B2,B9,D3",,,,,,,,,,,,,,,
H_D_P34,Hills,Dog,r/d Dog Food (Chicken Flavor),"small,medium,large",Dry,,Adult,,"Corn,chicken,soy,Flaxseed,beet","High Fiber,Weight Management,High Protein,Low Fat,High Fiber,Moderate Carb","pregnancy,lactation,heart failure,kidney disease,hepatitis,debilitation,hypermetabolism,dehydration,underweight","Maintain Muscle Mass,Healthy Immune System,Gastrointestinal Health",33.9,106,8.6,27,14.6,45,26.4,82,37.2,116,0.83,2.58,0.56,1.73,0.91,2.84,0.3,0.93,0.109,0.34,,,,,8.17,2.63,1.08,0.35,,,0.0192,0.0598,681,211.8," B3,B1,A,B5,B2,B7,B12,B6,B9,D3",,,,,,,,,,,,,,,
H_D_P35,Hills,Dog,r/d Dog Food (Chicken Flavor),"small,medium,large",Canned,,Adult,,"Pork Liver,Pork,Rice,Pea,soy","High Fiber,Weight Management,High Protein,Low Fat,High Fiber,Moderate Carb","pregnancy,lactation,heart failure,kidney disease,hepatitis,debilitation,hypermetabolism,dehydration,underweight","Maintain Muscle Mass,Healthy Immune System,Gastrointestinal Health",33.4,101,8.6,26,12.6,38,24.4,74,39.7,121,0.71,2.16,0.58,1.77,0.96,2.9,0.32,0.96,0.13,0.39,,,,,8.83,2.91,1.2,0.4,,,0.0149,0.0451,996,302.3," B1,B3,B5,B12,B6,B7,B2,B9,D3",,,,,,,,,,,,,,,
H_D_P36,Hills,Dog,w/d Multi-Benefit Dog Food (Chicken Flavor),"small,medium,large",Dry,M,Adult,Yes,"Wheat,Chicken,Corn,Barley,oat,Flaxseed,beet","Weight Management,Moderate Protein,Moderate Fat,High Fiber,Moderate Carb","pregnancy,lactation,urinary problems,debilitation,dehydration,underweight","diabetes,urinary health,kidney health,Gastrointestinal Health,Maintain Muscle Mass,Healthy Immune System",20.7,61,13,38,16,47,27.6,81,45.1,132,0.8,2.35,0.66,1.93,0.78,2.29,0.27,0.79,0.099,0.29,,,,,8.87,3.02,1.04,0.35,,,0.014,0.0412,682,200.1," B3,B1,A,B5,B2,B7,B12,B6,B9,D3",,,,,,,,,,,,,,,
H_D_P37,Hills,Dog,w/d Multi-Benefit Dog Food (Chicken Flavor),"small,medium,large",Canned,M,Adult,Yes,"Pork Liver,Chicken,Corn,Barley,Egg,Flaxseed","Weight Management,Moderate Protein,Moderate Fat,High Fiber,Moderate Carb","pregnancy,lactation,urinary problems,debilitation,dehydration,underweight","diabetes,urinary health,kidney health,Gastrointestinal Health,Maintain Muscle Mass,Healthy Immune System",19.3,57,11.4,33,13.7,40,25.2,74,50.4,148,0.73,2.15,0.53,1.54,0.88,2.59,0.3,0.89,0.105,0.31,,,,,8.28,2.82,3.28,1.12,,,0.0187,0.0548,921,270.4," B1,B3,B5,B12,B6,B7,B2,B9,D3",,,,,,,,,,,,,,,
H_D_P38,Hills,Dog,w/d Multi-Benefit Dog Food (Vegetable & Chicken Stew),"small,medium,large",Stew,M,Adult,Yes,"Pork Liver,Chicken,Rice,Pea,Corn,carrot","Weight Management,Moderate Protein,Moderate Fat,High Fiber,Moderate Carb","pregnancy,lactation,urinary problems,debilitation,dehydration,underweight","diabetes,urinary health,kidney health,Gastrointestinal Health,Maintain Muscle Mass,Healthy Immune System",21.2,65,10.1,31,14.1,43,25.9,79,48.7,149,0.91,2.78,0.6,1.83,0.95,2.92,0.33,1,0.08,0.24,,,,,10.01,3.26,1.21,0.39,,,0.0297,0.0912,650,199.2," B1,B6,B3,B5,B12,B7,B2,B9,D3",,,,,,,,,,,,,,,
H_D_P39,Hills,Dog,c/d Multicare Dog Food (Chicken Flavor),"small,medium,large",Dry,M,Adult,Yes,"Corn,Rice,Chicken,soy,Egg,flaxseed",",Moderate Protein,Moderate Fat,Moderate Fiber,Moderate Carb","pregnancy,lactation,urinary problems,struvite,n-calcium oxalate crystalluria,Hyperlipidemia,heart failure,pancreatitis","urinary health,kidney health",22,54,17.2,41,1.5,4,7.4,18,54.6,131,0.63,1.51,0.57,1.38,0.7,1.69,0.25,0.59,0.1,0.24,,,,,10.86,4.51,1.93,0.8,,,0.0006,0.0015,748,180.2," E,B3,B1,B5,B6,A,B7,B2,B12,B9,D3",,,,,,,,,,,,,,,
H_D_P40,Hills,Dog,c/d Multicare Dog Food (Chicken Flavor),"small,medium,large",Canned,M,Adult,Yes,"Beef,Chicken,Rice,Corn,Pork Liver",",Moderate Protein,Moderate Fat,Moderate Fiber,Moderate Carb","pregnancy,lactation,urinary problems,struvite,n-calcium oxalate crystalluria,Hyperlipidemia,heart failure,pancreatitis","urinary health,kidney health",24.3,60,16.6,41,3.1,8,7,17,51,125,0.65,1.6,0.47,1.17,0.93,2.29,0.29,0.71,0.07,0.17,,,,,9.9,4.03,2.07,0.84,,,0.0036,0.009,954,234.8," E,B1,B6,B3,B5,B12,B2,B7,B9,D3",,,,,,,,,,,,,,,
H_D_P41,Hills,Dog,c/d Multicare Dog Food (Chicken & Vegetable stew),"small,medium,large",Stew,M,Adult,Yes,"Chicken,Pork Liver,Rice,Pea,Corn,carrot",",Moderate Protein,Moderate Fat,Moderate Fiber,Moderate Carb","pregnancy,lactation,urinary problems,struvite,n-calcium oxalate crystalluria,Hyperlipidemia,heart failure,pancreatitis","urinary health,kidney health",22.8,57,18.3,46,5.1,13,11.8,29,48.6,121,0.88,2.19,0.54,1.34,1,2.48,0.29,0.73,0.05,0.13,,,,,11,4.42,1.98,0.8,,,0.0008,0.002,825,205.3," E,B1,B6,B3,B5,B12,B7,B2,B9,D3",,,,,,,,,,,,,,,
H_D_P42,Hills,Dog,c/d Multicare + Metabolic Dog Food (Chicken Flavor),"small,medium,large",Dry,M,Adult,Yes,"Rice,Corn,pea,Chicken,tomato","Weight Management,Moderate Protein,Moderate Fat,High Fiber,Moderate Carb","pregnancy,lactation,urinary problems,cystine and ammonium urate stones","urinary health,kidney health,Gastrointestinal Health",27.5,80,12.5,36,15,44,23.6,68,40.4,117,0.65,1.89,0.45,1.31,0.67,1.96,0.28,0.81,0.08,0.24,,,,,10.38,3.58,2.79,0.96,,,0.0006,0.0017,1168,338.9," E,B3,B1,B6,B5,B2,B7,B12,A,B9,D3",,,,,,,,,,,,,,,
H_D_P43,Hills,Dog,u/d Dog Food (Chicken Flavor),"small,medium,large",Dry,M,Adult,Yes,"Rice,Corn,Egg,potato,flaxseed","low sodium,Low Protein,High Fat,Low Fiber,High Carb","pregnancy,lactation,truvite urolithiasis,Hyperlipidemia,heart failure,hypoalbuminemia,pancreatitis,","urinary health,kidney health,Heart Health",13.8,32,20.7,48,1.7,4,4,9,59.8,138,0.64,1.47,0.32,0.74,0.68,1.56,0.22,0.51,0.1,0.23,,,,,8.8,3.81,3.14,1.36,,,0,0.0001,751,173.4," E,B3,B1,B6,B5,B2,B7,B12,A,B9,D3",,,,,,,,,,,,,,,
H_D_P44,Hills,Dog,u/d Dog Food (Chicken Flavor),"small,medium,large",Canned,M,Adult,Yes,"Corn,Egg,Pork Liver,Rice","Low Sodium,Low Protein,High Fat,Low Fiber,Moderate Carb","pregnancy,lactation,truvite urolithiasis,Hyperlipidemia,heart failure,hypoalbuminemia,pancreatitis,","urinary health,kidney health,Heart Health",13.8,30,26.5,57,2.2,5,3.5,8,53.5,116,0.6,1.3,0.31,0.67,0.7,1.52,0.28,0.62,0.12,0.26,,,,,10.53,4.85,1.02,0.47,,,0.0002,0.0005,801,173.8," E,B1,B6,B3,B5,B2,B7,B12,B9,D3",,,,,,,,,,,,,,,
H_D_P45,Hills,Dog,c/d low Fat Dog Food (Chicken Flavor),"small,medium,large",Dry,M,Adult,Yes,"Rice,Barley,Corn,Chicken,Egg,flaxseed","Moderate Protein,Low Fat,Low Fiber,High Carb","pregnancy,lactation,urinary problems,struvite,n-calcium oxalate crystalluria","urinary health,kidney health",22,60,7.3,20,0.9,3,5.9,16,65.1,177,0.69,1.87,0.58,1.58,0.7,1.91,0.24,0.65,0.085,0.23,,,,,5.33,1.96,1.23,0.45,,,0.0003,0.0009,735,200.1," E,B3,B1,A,B5,B7,B12,B6,B2,B9,D3",,,,,,,,,,,,,,,
H_D_P46,Hills,Dog,c/d low Fat Dog Food (Vegetables & Turkey),"small,medium,large",Stew,M,Adult,Yes,"Pork Liver,Turkey,Rice,Pea,potato,Barley,Pea,carrot","Moderate Protein,Low Fat,Moderate Fiber,High Carb","pregnancy,lactation,urinary problems,struvite,n-calcium oxalate crystalluria","urinary health,kidney health",23.2,65,8.2,23,4,11,10.2,29,58.2,164,0.93,2.63,0.63,1.76,1.01,2.85,0.28,0.79,0.086,0.24,,,,,5.85,2.08,1.44,0.51,,,0.0011,0.0032,997,280.7," E,B1,B3,B5,B12,B6,B7,B2,B9,D3",,,,,,,,,,,,,,,
H_D_P47,Hills,Dog,t/d Dog Food (Chicken Flavor),"small,medium,large",Dry,M,Adult,Yes,"Rice,Corn,chicken,Egg,soy",",Moderate Protein,Moderate Fat,High Fiber,Moderate Carb","pregnancy,lactation,periodontal disease",Dental Health,18.3,48,16.5,44,10.8,29,18.4,49,49.9,132,0.63,1.67,0.45,1.2,0.76,2,0.25,0.66,0.08,0.21,,,,,10.1,3.83,0.64,0.24,,,0.019,0.0501,746,197," B3,B1,A,B5,B2,B7,B12,B6,B9,D3",,,,,,,,,,,,,,,
H_D_P48,Hills,Dog,t/d Dog Food (Small Bites Chicken Flavor),small,Dry,M,Adult,Yes,"Rice,Corn,chicken,Egg,soy",",Moderate Protein,Moderate Fat,High Fiber,Moderate Carb","pregnancy,lactation,periodontal disease",Dental Health,18.3,48,16.5,44,10.8,29,18.4,49,49.9,132,0.63,1.67,0.45,1.2,0.76,2,0.25,0.66,0.08,0.21,,,,,10.1,3.83,0.64,0.24,,,0.019,0.0501,746,197," B3,B1,A,B5,B2,B7,B12,B6,B9,D3",,,,,,,,,,,,,,,
H_D_P49,Hills,Dog,k/d Dog Food (with Lamb),"small,medium,large",Dry,M,Adult,Yes,"Brown Rice,Rice,Lamb,soy,Barley,Egg,beet",",Low Protein,High Fat,Low Fiber,High Carb","pregnancy,lactation,Hyperlipidemia,heart failure,pancreatitis","Kidney Health,Healthy Immune System",15.8,36,22.5,51,1.8,4,6.8,16,55.4,126,0.66,1.51,0.31,0.72,0.75,1.7,0.16,0.36,0.17,0.27,,,,,9.88,4.35,2.73,1.2,,,0.0126,0.0286,750,170.3," B3,B1,B6,B5,B2,B7,A,B12,B9,D3",,,,,,,,,,,,,,,
H_D_P50,Hills,Dog,k/d Dog Food (with Chicken),"small,medium,large",Dry,M,Adult,Yes,"Rice,Brown Rice,sorghum,Chicken,corn,Egg,beet",",Low Protein,High Fat,Low Fiber,High Carb","pregnancy,lactation,Hyperlipidemia,heart failure,pancreatitis","Kidney Health,Healthy Immune System",15.6,36,21.1,49,1.5,3,5.5,13,57.1,132,0.79,1.82,0.29,0.68,0.75,1.73,0.17,0.39,0.1,0.23,,,,,9.34,4.05,1.97,0.85,,,0.0166,0.0383,726,167.3," B3,B1,B5,B6,A,B2,B7,B12,B9,D3",,,,,,,,,,,,,,,
H_D_P51,Hills,Dog,k/d Dog Food (with Lamb),"small,medium,large",Canned,M,Adult,Yes,"Pork Liver,Corn,Lamb,oat,flaxseed,beet",",Low Protein,High Fat,Moderate Fiber,Moderate Carb","pregnancy,lactation,Hyperlipidemia,heart failure,pancreatitis","Kidney Health,Healthy Immune System",15.3,34,26,58,3.4,8,7.8,17,49.8,111,0.8,1.79,0.27,0.6,0.9,2,0.2,0.45,0.15,0.33,,,,,8.46,3.8,4.93,2.22,,,0.0136,0.0303,836,186," E,B1,C,B3,A,B5,B12,B6,B2,K,B7,B9,D3",,,,,,,,,,,,,,,
H_D_P52,Hills,Dog,k/d Dog Food (with Chicken),"small,medium,large",Canned,M,Adult,Yes,"Pork Liver,Chicken,Corn,Egg,oat,flaxseed,beet",",Low Protein,High Fat,Moderate Fiber,Moderate Carb","pregnancy,lactation,Hyperlipidemia,heart failure,pancreatitis","Kidney Health,Healthy Immune System",15.7,35,26.1,58,3.5,8,8.2,18,49.3,110,0.79,1.75,0.27,0.59,0.9,1.99,0.18,0.39,0.14,0.31,,,,,9.03,4.06,5.63,2.53,,,0.0143,0.0318,748,166.3," B1,B3,A,B5,B12,B6,B2,B7,K,B9,D3",,,,,,,,,,,,,,,
H_D_P53,Hills,Dog,k/d Dog Food (Chicken & Vegetable),"small,medium,large",Stew,M,Adult,Yes,"Chicken,Pork Liver,Rice,Egg,oat,carrot",",Low Protein,High Fat,Moderate Fiber,Moderate Carb","pregnancy,lactation,Hyperlipidemia,heart failure,pancreatitis","Kidney Health,Healthy Immune System",16,36,24.5,55,3,7,9.8,22,52.3,117,0.77,1.73,0.28,0.62,0.77,1.73,0.15,0.33,0.14,0.31,,,,,8.59,3.84,3.78,1.69,,,0.017,0.038,897,200.7," B1,B3,A,B5,B12,B6,B2,B7,K,B9,D3",,,,,,,,,,,,,,,
H_D_P54,Hills,Dog,k/d Dog Food (Beef & Vegtable Stew),"small,medium,large",Stew,M,Adult,Yes,"Beef,Pork Liver,Rice,Egg,oat,carrot,pea,flaxseed",",Low Protein,High Fat,Moderate Fiber,Moderate Carb","pregnancy,lactation,Hyperlipidemia,heart failure,pancreatitis","Kidney Health,Healthy Immune System",15.9,36,23.8,54,35,8,9.6,22,52.5,119,0.77,1.75,0.3,0.68,0.93,2.11,0.17,0.38,0.14,0.31,,,,,8.3,3.66,3.02,1.33,,,0.0175,0.0397,812,184.2," B1,B3,A,B5,B12,B6,B2,B7,K,B9,D3",,,,,,,,,,,,,,,
H_D_P55,Hills,Dog,k/d Dog Food (Chicken & Vegetable Stew),"small,medium,large",Stew,M,Adult,Yes,"Chicken,Pork Liver,Rice,Egg,oat,carrot,pea,flaxseed,beet",",Low Protein,High Fat,Moderate Fiber,Moderate Carb","pregnancy,lactation,Hyperlipidemia,heart failure,pancreatitis","Kidney Health,Healthy Immune System",16,36,24.5,55,3,7,9.8,22,52.3,117,0.77,1.73,0.28,0.62,0.78,1.74,0.15,0.33,0.14,0.31,,,,,8.59,3.84,3.78,1.69,,,0.017,0.038,896,200.7," B1,B3,A,B5,B12,B6,B2,B7,K,B9,D3",,,,,,,,,,,,,,,
H_D_P56,Hills,Dog,k/d + j/d Dog Food (Chicken Flavor),"small,medium,large",Dry,M,Adult,Yes,"Rice,Chicken,Egg,Corn,oat,flaxseed,beet","Low Sodium,Low Protein,High Fat,Moderate Fiber,Moderate Carb","pregnancy,lactation,Hyperlipidemia,heart failure,pancreatitis","Kidney Health,bone and joint health,Maintain Muscle Mass",15.9,37,23.4,54,3.8,9,9.7,22,51.7,119,0.85,1.94,0.29,0.66,0.83,1.91,0.2,0.46,0.13,0.3,,,,,8.62,3.76,8.89,3.88,,,0.0144,0.033,673,154.4," B3,B1,B5,A,B2,B7,B6,B12,B9,D3",,,,,,,,,,,,,,,
H_D_P57,Hills,Dog,k/d + j/d Dog Food (Chicken & Vegetable Stew),"small,medium,large",Stew,M,Adult,Yes,"Chicken,Pork Liver,Rice,Egg,oat,carrot,pea,flaxseed","Low Sodium,Low Protein,High Fat,Moderate Fiber,Moderate Carb","pregnancy,lactation,Hyperlipidemia,heart failure,pancreatitis","Kidney Health,bone and joint health,Maintain Muscle Mass",15.6,35,24.6,55,3.9,9,10.3,23,51.9,117,0.77,1.74,0.32,0.72,0.85,1.9,0.16,0.37,0.09,0.19,,,,,10.05,4.47,10.14,4.51,,,0.0143,0.032,565,126.9," B1,B3,B5,B12,B6,B7,B2,B9",,,,,,,,,,,,,,,
H_D_P58,Hills,Dog,ONC Care Dog Food (with Chicken),"small,medium,large",Dry,M,Adult,Yes,"Chicken,Wheat,Corn,Brown Rice,Barley,Egg,soy",",High Protein,High Fat,Moderate Fiber,Moderate Carb","pregnancy,lactation,urinary problems,kidney disease,Hyperlipidemia,heart failure,pancreatitis","Recovery,Surgery,Cancer",30.8,68,26.4,58,2.5,6,8.4,18,34.3,76,0.93,2.06,0.62,1.37,0.85,1.89,0.36,0.8,0.101,0.22,,,,,9.54,4.31,2.77,1.25,,,0.023,0.051,740,163.8," B3,B1,B5,A,B2,B7,B6,B12,B9,D3",,,,,,,,,,,,,,,
H_D_P59,Hills,Dog,ONC Care Dog Food (Chicken & Vegetable Stew),"small,medium,large",Stew,M,Adult,Yes,"Pork Liver,Chicken,Rice,Egg,Pea,carrot,wheat",",High Protein,High Fat,Moderate Fiber,Moderate Carb","pregnancy,lactation,urinary problems,kidney disease,Hyperlipidemia,heart failure,pancreatitis","Recovery,Surgery,Cancer",32.4,73,24.2,55,2.2,5,8.2,18,35.6,80,0.87,1.95,0.65,1.47,0.75,1.69,0.35,0.79,0.095,0.21,,,,,11.33,5.02,3.77,1.67,,,0.0172,0.0388,728,164.3," B1,B3,B5,B12,B6,B7,D3,B2,B9",,,,,,,,,,,,,,,
H_D_P60,Hills,Dog,j/d Dog Food (with Lamb),"small,medium,large",Canned,M,Adult,Yes,"Rice,Lamb Liver,Pork,Corn,Lamb,Barley,Egg,soy","Weight Management,Moderate Protein,Moderate Fat,Moderate Fiber,Moderate Carb","pregnancy,lactation","bone and joint health,Heart Health,Healthy Immune System,Maintain Muscle Mass,Skin Health",19.6,48,17.6,44,4.1,10,8.6,21,53.6,132,0.79,1.96,0.6,1.49,0.75,1.86,0.26,0.65,0.105,0.26,,,,,6.64,2.68,9.5,3.84,,,0.0151,0.0374,783,193.5," B1,B3,B5,B12,B6,B7,B2,B9,D3",,,,,,,,,,,,,,,
H_D_P61,Hills,Dog,I/d Dog Food (Chicken Flavor),"small,medium,large",Dry,MG,all,Yes,"Rice,Chicken,Egg,soy,Flaxseed","Low Sodium,Moderate Protein,High Fat,Low Fiber,Moderate Carb","pregnancy,lactation,Hyperlipidemia,heart failure,pancreatitis","Liver Health,Healthy Immune System,Gastrointestinal Health",18.1,41,23.9,55,3,7,6.8,16,49.2,112,0.94,2.14,0.69,1.57,0.99,2.25,0.18,0.42,0.084,0.19,,,,,10.6,4.66,2.52,1.11,,,0.0125,0.0285,850,193.5," B3,B1,A,B5,B6,B7,B12,B2,B9,D3,K",,,,,,,,,,,,,,,
H_D_P62,Hills,Dog,I/d Dog Food (Chicken Flavor),"small,medium,large",Canned,MG,all,Yes,"Rice,soy,Corn,Egg,Rice","Low Sodium,Moderate Protein,High Fat,Moderate Fiber,Moderate Carb","pregnancy,lactation,Hyperlipidemia,heart failure,pancreatitis","Liver Health,Healthy Immune System,Gastrointestinal Health",18.9,44,23.4,54,3,7,7.3,17,48.6,112,0.92,2.12,0.61,1.41,1,2.3,0.22,0.5,0.15,0.35,,,,,14.63,6.37,3.48,1.51,,,0.0266,0.0612,799,183.7," B1,B3,A,B5,B12,B6,B2,K,B7,B9,D3",,,,,,,,,,,,,,,
H_D_P63,Hills,Dog,a/d Dog Food (with Chicken),"small,medium,large",Minced,,Adult,,"Turkey,Pork Liver,Chicken,Corn","Low Carb,High Protein,High Protein,High Fat,Low Fiber","fat intolerant,Hyperlipidemia,heart failure,hepatitis,pancreatitis","Urgent Care,Recovery,Healthy Immune System,Skin Health,Diabetes,Gastrointestinal Health",44,90,33,67,0.1,0,0.9,2,13.1,27,1.26,2.57,1.16,2.37,1.19,2.42,0.89,1.82,0.105,0.21,,,,,13.7,6.71,4.98,2.44,,,0.0371,0.0757,768,156.8," B1,B6,B3,B5,B12,B2,B7,B9,D3",,,,,,,,,,,,,,,
H_D_P64,Hills,Dog,b/d Dog Food (Chicken Flavor),"small,medium,large",Dry,M,Adult,Yes,"Corn,Chicken,Wheat,Rice,flaxseed,beet",",Moderate Protein,Moderate Fat,Moderate Fiber,High Carb","pregnancy,lactation","Brain Health,bone and joint health,urinary health,kidney health",19.1,48,14.4,36,2.9,7,11.1,28,59,149,0.72,1.82,0.6,1.52,0.74,1.87,0.15,0.39,0.122,0.31,,,,,9.55,3.78,2.74,1.08,,,0.0233,0.0588,1057,267.2," B3,B1,A,B5,B2,B7,B12,B6,B9,D3",,,,,,,,,,,,,,,
H_D_P65,Hills,Dog,g/d Dog Food (Chicken Flavor),"small,medium,large",Dry,M,Adult,Yes,"Rice,chicken,Wheat,Corn,sorghum,Egg,flaxseed",",Moderate Protein,Moderate Fat,Low Fiber,High Carb","pregnancy,lactation","Aging Care,urinary health,kidney health,Heart Health",18.5,48,11,29,1,3,4.1,11,64.6,168,0.81,2.11,0.42,1.11,0.8,2.08,0.23,0.6,0.085,0.22,,,,,8.27,3.18,2.08,0.8,,,0.0194,0.0505,673,175.3," B3,B1,A,B5,B2,B7,B12,B6,B9,D3",,,,,,,,,,,,,,,
H_D_P66,Hills,Dog,g/d Dog Food (Turkey Flavor),"small,medium,large",Canned,M,Adult,Yes,"Corn,Pork Liver,Rice,Pork,Turkey,beet,flaxseed",",Moderate Protein,Moderate Fat,Low Fiber,High Carb","pregnancy,lactation","Aging Care,urinary health,kidney health,Heart Health",18.6,49,10.6,28,1.8,5,5.9,16,64.6,170,0.76,2,0.42,1.09,0.71,1.88,0.21,0.56,0.068,0.18,,,,,6.21,2.36,1.83,0.7,,,0.0132,0.0348,784,206.1," B1,B3,B5,B12,B6,B7,B2,B9,D3",,,,,,,,,,,,,,,
H_D_P67,Hills,Dog,h/d Dog Food (Chicken Flavor),"small,medium,large",Dry,M,Adult,Yes,"Wheat,Corn,chicken,Barley,Corn,soy",",Moderate Protein,High Fat,Moderate Fiber,Moderate Carb","pregnancy,lactation,sodium depletion states,Hyperlipidemia,heart failure,pancreatitis","Heart Health,urinary health,kidney health,Liver Health",19.8,45,21.2,49,1.6,4,8.3,19,53,122,0.7,1.61,0.45,1.03,0.75,1.72,0.11,0.26,0.14,0.32,,,,,11.44,4.98,0.76,0.33,,,0.0144,0.0331,788,181.1," B3,B1,B6,B5,B2,A,B7,B12,B9,D3",,,,,,,,,,,,,,,
H_D_P68,Hills,Dog,h/d Dog Food (with Chicken),"small,medium,large",Canned,M,Adult,Yes,"Chicken,Pork Liver,Corn,Rice",",Low Protein,High Fat,Low Fiber,Moderate Carb","pregnancy,lactation,sodium depletion states,Hyperlipidemia,heart failure,pancreatitis","Heart Health,urinary health,kidney health,Liver Health",17.3,37,26.2,56,0.6,1,2.9,6,51.6,111,0.65,1.4,0.47,1.02,0.74,1.58,0.12,0.25,0.148,0.32,,,,,11.05,5.15,2.16,1,,,0.0142,0.0305,868,186.3," B1,B3,B5,B12,B6,B7,B2,B9,D3",,,,,,,,,,,,,,,
H_D_P69,Hills,Dog,j/d Dog Food (Chicken Flavor),"small,medium,large",Dry,M,Adult,Yes,"Wheat,Corn,Chicken,Flaxseed","Weight Management,Moderate Protein,Moderate Fat,High Fiber,High Carb","pregnancy,lactation","bone and joint health,Heart Health,Healthy Immune System,Maintain Muscle Mass,Skin Health",20,50,15.9,40,4.1,10,13.5,34,55.4,139,0.7,1.74,0.6,1.51,0.7,1.75,0.2,0.51,0.134,0.33,,,,,7.73,3.08,9.02,3.6,,,0.0157,0.0393,746,187," B3,B1,A,B5,B2,B7,B12,B6,B9,D3",,,,,,,,,,,,,,,
R_D_P01,Rayne,Dog,ADULT HEALTH-RSS,"small,medium,large",Dry,M,Adult,,"pork,brown rice,oat,potato,tomato","Moderate sodium,low phosphorus,Moderate Protein,Moderate Fat,Moderate Fiber,Moderate Carb",,"urinary health,kidney health",25.1,63.8,14.9,38,3.1,7.9,9.2,23.4,50.9,129.7,0.86,2.2,0.78,2,0.72,1.8,0.75,1.9,0.13,0.34,24.1,6.1,0.13,0.33,,,,,0.34,0.87,,,,," E,B12,B3,B5,A,B7,B2,B1,D3,B6,B9",,,,,,,,,,,,,,,
R_D_P02,Rayne,Dog,ADULT HEALTH-RSS,"small,medium,large",Chunky Stew,M,Adult,,"pork,potato,red pepper","Moderate sodium,low phosphorus,High Protein,Moderate Fat,Moderate Carb",,"urinary health,kidney health",41.4,99.6,17.2,41.4,1.4,3.3,,,35.6,85.5,0.79,1.9,0.59,1.4,0.85,2,0.38,0.92,0.08,0.2,16.7,4,0.37,0.88,,,,,0.32,0.77,,,,," E,B1,B12,B3,B9,B5,A,B6,B7,B2,D3",,,,,,,,,,,,,,,
R_D_P03,Rayne,Dog,ECODERM-BSFL WITH QUINOA,"small,medium,large",Dry,M,Adult,,"fava beans,quinoa,Oat,millet,flaxseed,Algae","plant_based,Moderate Protein,Moderate Fat,Moderate Carb,non-allergenic",,"Skin Health,Gastrointestinal Health,Heart Health",25.4,65.7,16.3,42,6.4,16.5,,,45.7,118,1,2.6,0.73,1.9,0.74,1.9,0.39,1,0.2,0.51,18.7,4.8,0.17,0.42,,,,,0.66,1.7,,,,," E,B3,B12,A,B1,B6,B2,B5,D3,B7,B9",,,,,,,,,,,,,,,
R_D_P04,Rayne,Dog,GROWTH/ SENSITIVE-GI,"small,medium,large",Dry,MG,all,,"turkey,sweet Potato,pea,tomato,flaxseed,algae","moderate fat,Moderate Protein,Moderate Fat,Moderate Carb",,"Gastrointestinal Health,pancreatitis,food sensitivity",26.2,70.6,12.3,33.1,3.8,10.3,,,50,134.8,1.5,4,1,2.8,0.9,2.5,0.38,1,0.13,0.35,22.6,6.1,0.13,0.34,,,,,0.16,0.45,,,,," E,B12,B3,B5,A,B7,B2,B1,D3,B6,B9",,,,,,,,,,,,,,,
R_D_P05,Rayne,Dog,GROWTH/ SENSITIVE-GI,"small,medium,large",Chunky Stew,MG,all,,"turkey,sweet Potato,pea,tomato,flaxseed,red pepper,algae","moderate fat,High Protein,Moderate Fat,Moderate Carb",,"Gastrointestinal Health,pancreatitis,food sensitivity",45.4,121.4,11.2,30,1.9,5.1,,,34.2,91.4,1.6,4.2,1.3,3.5,1.7,4.4,0.41,1.1,1,0.27,20.6,5.5,0.5,1.33,,,,,0.38,1.03,,,,," E,B1,B12,B3,B9,B5,A,B6,B7,B2,D3",,,,,,,,,,,,,,,
R_D_P06,Rayne,Dog,LOW FAT KANGAROO-MAINT WITH CHICKPEA,"small,medium,large",Dry,M,Adult,,"Kangaroo,chickpea,Potato,pea","High Protein,Low Fat,Moderate Carb,non-allergenic",,"Skin Health,Gastrointestinal Health,Hyperlipidemia,Heart Health,Gall Bladder Diseases,Lymphangiectasia,urinary health,kidney health,Pancreatitis",33.9,93.6,8.4,23.2,2.4,6.6,,,49.2,135.9,0.79,2.2,0.61,1.7,1.4,3.9,0.22,0.61,0.16,0.43,23.3,6.4,0.14,0.38,,,,,0,0,,,,," E,B12,B3,B5,A,B7,B2,B1,D3,B6,B9",,,,,,,,,,,,,,,
R_D_P07,Rayne,Dog,LOW FAT KANGAROO-MAINT WITH QUINOA,"small,medium,large",Dry,M,Adult,,"Kangaroo,quinoa,potato","High Protein,Low Fat,Moderate Carb,non-allergenic",,"Skin Health,Gastrointestinal Health,pancreatitis,Hyperlipidemia,Heart Health,Gall Bladder Diseases,Lymphangiectasia,",33.7,93.1,8.2,22.8,2.1,5.9,,,49.7,137.3,0.83,2.3,0.59,1.6,1.1,3.6,0.23,0.64,0.14,0.4,23.5,6.5,0.15,0.41,,,,,0,0,,,,," E,B12,B3,B5,A,B7,B2,B1,D3,B6,B9",,,,,,,,,,,,,,,
R_D_P08,Rayne,Dog,LOW FAT KANGAROO-MAINT,"small,medium,large",Chunky Stew,M,Adult,,"kangaroo,sweet potato,red pepper,pumpkin","High Protein,Low Fat,Moderate Carb,non-allergenic",,"Skin Health,Gastroenteritis,pancreatitis,Hyperlipidemia,Heart Health,Gall Bladder Diseases,lymphangiectasia,Gastrointestinal Health",46.5,131.6,8,22.5,1.8,5.2,,,35.2,99.6,1.1,3,0.8,2.3,1.2,3.3,0.46,1.3,0.11,0.3,23.6,6.7,0.13,0.36,,,,,0.17,0.49,,,,," E,B1,B12,B3,B9,B5,A,B6,B7,B2,D3",,,,,,,,,,,,,,,
R_D_P09,Rayne,Dog,LOW FAT KANGAROO-MAINT,"small,medium,large",Pate,M,Adult,,"Kangaroo,sweet Potato,celery","High Protein,Low Fat,Moderate Carb,non-allergenic",,"Skin Health,Gastroenteritis,pancreatitis,Hyperlipidemia,Heart Health,Gall Bladder Diseases,lymphangiectasia,Gastrointestinal Health",48.6,134.4,9.4,26,1.9,5.4,,,31.6,87.4,1.8,4.8,1.3,3.5,1.7,4.6,0.43,1.2,0.1,0.28,16.3,4.5,0.11,0.31,,,,,0.04,0.12,,,,," E,B3,B1,B5,A,B2,b12,B6,B7,B9,D3",,,,,,,,,,,,,,,
R_D_P10,Rayne,Dog,PLANT-BASED,"small,medium,large",Dry,MG,all,Yes,"Fava beans,chickpea,potato,quinoa,Algae,millet,pumpkin","plant_based,Moderate Protein,Moderate Fat,Moderate Carb,non-allergenic",,"Heart Health,Skin Health,Gastroenteritis,pancreatitis,Liver Health,Gastrointestinal Health",24.8,68.3,10.7,29.3,3.1,8.5,,,53.1,146.2,1.4,4,1.2,3.3,0.96,2.7,0.35,1,0.22,0.62,23.6,6.5,0.17,463,,,,,0.15,0.41,,,,," E,B3,B12,A,B1,B6,B2,B5,D3,B7,B9",,,,,,,,,,,,,,,
R_D_P11,Rayne,Dog,PLANT-BASED,"small,medium,large",Chunky Stew,M,Adult,,"Fava beans,chickpea,potato,quinoa,algae,millet,pumpkin,bell pepper,broccoli,black beans","plant_based,Moderate Protein,Moderate Fat,Moderate Carb,non-allergenic",,"Skin Health,Gastrointestinal Health,pancreatitis",29.2,79.2,11.2,30.4,2.7,7.2,,,48.8,132.7,1.1,3,1.1,3,0.62,1.7,0.57,1.5,0.14,0.38,19.1,5.2,0.29,0.78,,,,,0.47,1.3,,,,," E,B1,B12,B3,B9,B5,A,B6,B7,B2,D3",,,,,,,,,,,,,,,
R_D_P12,Rayne,Dog,RABBIT-MAINT WITH CHICKPEA,"small,medium,large",Dry,MG,all,,"Rabbit,chickpea,Potato","non-allergenic,Moderate Protein,Moderate Fat,Moderate Carb,non-allergenic",,"Skin Health,Gastrointestinal Health",28.4,73.2,14.3,36.7,1.7,4.4,,,47.9,123.4,1.3,3.4,1,2.6,1.2,3.1,0.33,0.85,0.14,0.37,21.4,5.5,0.13,0.35,,,,,0.3,0.56,,,,," E,B12,B3,B5,A,B7,B2,B1,D3,B6,B9",,,,,,,,,,,,,,,
R_D_P13,Rayne,Dog,RABBIT-MAINT WITH QUINOA,"small,medium,large",Dry,MG,all,Yes,"Rabbit,quinoa,millet,potato,sweet Potato","non-allergenic,Moderate Protein,Moderate Fat,Moderate Carb,non-allergenic",,"Skin Health,Gastrointestinal Health",28.1,72.5,14.2,36.7,2.2,5.6,,,48.2,124.3,1.3,3.4,1,2.6,0.68,1.8,0.27,0.7,0.18,0.5,21.8,5.6,0.14,0.37,,,,,0.31,0.56,,,,," E,B12,B3,B5,A,B7,B2,B1,D3,B6,B9",,,,,,,,,,,,,,,
R_D_P14,Rayne,Dog,RABBIT-MAINT,"small,medium,large",Chunky Stew,M,Adult,,"Rabbit,sweet Potato,red pepper,algae","non-allergenic,Moderate Protein,High Fat,Moderate Carb,non-allergenic",,"Skin Health,Gastrointestinal Health",28.7,67.3,22.4,52.6,1.8,4.2,,,38.6,90.5,1.2,2.8,1.2,2.8,0.97,2.3,0.61,1.4,0.08,0.19,14.5,3.4,0.24,0.56,,,,,0.36,0.85,,,,," E,B1,B12,B3,B9,B5,A,B6,B7,B2,D3",,,,,,,,,,,,,,,
R_D_P15,Rayne,Dog,RABBIT-MAINT,"small,medium,large",Pate,M,Adult,,"Rabbit,potato,algae","non-allergenic,High Protein,Moderate Fat,Moderate Carb,non-allergenic",,"Skin Health,Gastrointestinal Health",38.7,91.2,19.7,46.3,0.04,0.1,,,34.8,82,1.2,2.9,1.2,2.9,1.2,2.9,0.37,0.86,0.09,0.2,12.8,3,0.35,0.82,,,,,0.88,2.1,,,,," E,B3,B1,B5,A,B2,B12,B6,B7,B9,D3",,,,,,,,,,,,,,,
R_D_P16,Rayne,Dog,SKIN RELIEF,"small,medium,large",Dry,M,Adult,,"fish,oat,millet,potato,quinoa,pumpkin,flaxseed","Low sodium,Weight Management,High Protein,Low Fat,Moderate Carb",,"Atopic dermatitis,Skin Health,Osteoarthritis,bone and joint health,pancreatitis,Heart Health",33.7,94.7,8.7,24.6,3.9,11.1,,,46.7,131.4,1.4,3.8,1.1,3,1.1,3,0.19,0.54,0.16,0.45,25.1,7.1,0.16,0.45,,,,,0.79,2.2,,,,," E,B3,B12,A,B1,B6,B2,B5,D3,B7,B9",,,,,,,,,,,,,,,
R_D_P17,Rayne,Dog,ADULT OPTIMAL CHOICE,"small,medium,large",Dry,MG,all,,"Chicken,quinoa,millet,barley,potato,flaxseed","Moderate Protein,Moderate Fat,Moderate Carb",,"Gastrointestinal Health,Healthy Immune System",28.1,74,12.9,33.8,2.6,6.9,,,49.3,129.6,1.4,3.7,1.2,3.2,0.76,2,0.37,1,0.16,0.42,25.5,6.7,0.19,493,,,,,0.16,0.42,,,,," E,B3,B1,B5,A,B6,B2,D3,B12,B9,B7",,,,,,,,,,,,,,,
R_D_P18,Rayne,Dog,KANGAROO-DIAG,"small,medium,large",Freeze-Dried,,Adult,No,"kangaroo,sweet potato","non-allergenic,diagnostic,",,"Skin Health,Gastrointestinal Health",,,,,,,,,,,,,,,,,,,,,,,,,,,,,,,,,,,,,,,,,,,,,,,,,,
R_D_P19,Rayne,Dog,KANGAROO-DIAG,"small,medium,large",Chunky Stew,,Adult,No,Kangaroo,"non-allergenic,diagnostic,",,"Skin Health,Gastrointestinal Health",,,,,,,,,,,,,,,,,,,,,,,,,,,,,,,,,,,,,,,,,,,,,,,,,,
R_D_P20,Rayne,Dog,RABBIT-DIAG,"small,medium,large",Freeze-Dried,,Adult,No,"Rabbit,sweet potato","non-allergenic,diagnostic,",,"Skin Health,Gastrointestinal Health",,,,,,,,,,,,,,,,,,,,,,,,,,,,,,,,,,,,,,,,,,,,,,,,,,
R_D_P21,Rayne,Dog,RABBIT-DIAG,"small,medium,large",Pate,,Adult,No,"Rabbit,potato","non-allergenic,diagnostic,",,"Skin Health,Gastrointestinal Health",,,,,,,,,,,,,,,,,,,,,,,,,,,,,,,,,,,,,,,,,,,,,,,,,,
RC_D_P01,Royal Canin,Dog,Urinary SO + Hydrolyzed Protein,"small,medium,large",Dry,M,Adult,,"Rice,Soy,pea","MULTIFUNCTION,Moderate Protein,Moderate Fat,Moderate Fiber,Moderate Carb","pregnancy,lactation","Skin health,urinary health,kidney health,Gastrointestinal Health",21.9,53,16.4,39.8,2.2,5.3,7.5,18.3,50.3,122,0.6,1.3,0.6,1.3,0.9,2.1,1.4,3.5,0.05,0.1,16.4,4,0.2,0.5,10,4.1,2.2,0.9,0.4,1,,,,," B3,B5,B7,B6,B2,B1,A,B12,B9,D3",57.5,237.2,212.2,874.3,,,,,,,,,,,
RC_D_P02,Royal Canin,Dog,Urinary SO + Satiety,"small,medium,large",Dry,M,Adult,,"chicken,pea,corn,wheat","MULTIFUNCTION,moderate sodium,low calorie,Weight Management,High Protein,Moderate Fat,High Fiber,Moderate Carb","pregnancy,lactation","bone and joint health,urinary health,kidney health,Maintain Muscle Mass,Satiation effect",32.8,110.9,10.4,35.1,16.1,54.3,30.3,102.4,32.5,109.8,1,3.3,0.8,2.6,0.9,3,1,3.5,0.1,0.3,16.4,5.5,0.2,0.6,7.4,2.2,2,0.6,0.3,1.1,,,,," B3,B7,B2,B5,B1,B6,A,B12,B9,D3,glucosamine hydrochloride",64.3,190.2,369.5,1093,,,,,,,,,,,
RC_D_P03,Royal Canin,Dog,Urinary SO Aging 7+,"small,medium,large",CANNED,M,Adult,,"chicken,chicken liver,Pork,chicken,pork liver,corn","low phosphorus,High Protein,High Fat,Moderate Fiber,Low Carb","pregnancy,lactation","aging care,Brain Health,Heart Health,Kidney Health,Maintain Muscle Mass,urinary health,kidney health",40,92.8,27.3,63.3,7.3,16.9,10,23.2,17.3,40.1,0.8,1.9,0.7,1.7,1.9,4.4,0.4,0.9,0.1,0.2,13.6,3.2,0.6,1.3,10.5,4.6,1.9,0.8,0.5,1.1,,,,," B1,B7,B3,B5,B2,B6,B12,B9,D3",31.6,136.3,211,909,,,,,,,,,,,
RC_D_P04,Royal Canin,Dog,Urinary SO Aging 7+,"small,medium,large",Dry,M,Adult,,"Rice,corn,chicken","Controlled mineral levels,Moderate Protein,Moderate Fat,Low Fiber,Moderate Carb","pregnancy,lactation","bone and joint health,Brain Health,Heart health,Kidney Health,Maintain Muscle Mass,urinary health,kidney health",21.9,50.9,18.6,43.3,1.9,4.3,6.2,14.5,49.7,115.8,0.7,1.7,0.6,1.4,1.9,4.5,0.4,1,0.1,0.2,16.4,3.8,0.2,0.5,9.8,4.2,2.1,0.9,0.4,1,,,,," D3,B7,B5,A,B3,B6,B1,B12,B2,B9,glucosamine hydrochloride",54.7,235,254.5,1093,,,,,,,,,,,
RC_D_P05,Royal Canin,Dog,Urinary SO Moderate Calorie,"small,medium,large",CANNED,M,Adult,,"chicken,Pork,pork liver,wheat,corn","moderate calorie,moderate sodium,Weight Management,High Protein,High Fat,Moderate Fiber,Low Carb","pregnancy,lactation","Skin health,urinary health,kidney health,Gastrointestinal Health",41,94.7,20.5,47.3,3.6,8.3,7.2,16.6,27.2,62.7,0.9,2,0.9,2,0.7,1.7,1.3,3,0.1,0.1,10.3,2.4,0.5,1.2,9.5,4.1,1.1,0.5,0.2,0.5,,,,," D3,B1,B7,B3,B5,B2,B6,B12,B9",20.7,89.7,201.2,871.8,,,,,,,,,,,
RC_D_P06,Royal Canin,Dog,Urinary SO Moderate Calorie,"small,medium,large",Dry,M,Adult,,"Rice,brown rice,chicken,corn","moderate calorie,moderate sodium,Weight Management,Moderate Protein,Moderate Fat,High Fiber,Moderate Carb","pregnancy,lactation","Skin health,urinary health,kidney health,Gastrointestinal Health",21.9,58.7,12,32.3,5.7,15.3,13.3,35.8,52.4,140.6,0.7,1.9,0.6,1.7,0.9,2.4,1.3,3.5,0.1,0.2,16.4,4.4,0.2,0.5,8.3,3.1,1.3,0.5,0.2,0.6,,,,," B7,B5,A,B3,B6,B1,B12,B2,D3,B9",62.2,231.7,294,1093,,,,,,,,,,,
RC_D_P07,Royal Canin,Dog,Urinary SO Small Dog,small,Dry,M,Adult,,"Rice,corn,chicken","moderate sodium,Moderate Protein,Moderate Fat,Low Fiber,Moderate Carb","pregnancy,lactation","Dental Health,Skin health,urinary health,kidney health,Gastrointestinal Health",21.9,51,18.6,43.3,1.7,4.1,6.1,14.3,49.4,115,0.8,1.8,0.8,1.8,0.9,2,1.3,3.1,0.07,0.2,16.4,3.8,0.2,0.5,10,4.3,1.4,0.6,0.2,0.6,,,,," D3,B7,B5,A,B3,B6,B1,B12,B2,B9",52,223,255,1093,,,,,,,,,,,
RC_D_P08,Royal Canin,Dog,Urinary SO,"small,medium,large",CANNED,M,Adult,,"chicken liver,chicken,Pork,corn","moderate sodium,Moderate Protein,High Fat,Low Fiber,Moderate Carb","pregnancy,lactation","Skin health,urinary health,kidney health,Gastrointestinal Health",24.9,54.1,26,56.4,2.1,4.6,6.3,13.7,41.7,90.7,0.9,2,0.8,1.8,0.8,1.8,1.3,2.7,0.1,0.2,14,3,0.6,1.2,11.4,5.3,1.1,0.5,0.3,0.5,,,,," B7,B5,A,B3,B6,B1,B12,B2,D3,B9",49.5,228.1,304.9,1403,,,,,,,,,,,
RC_D_P09,Royal Canin,Dog,Urinary SO,"small,medium,large",Dry,M,Adult,,"Rice,corn,chicken","moderate sodium,Moderate Protein,Moderate Fat,Low Fiber,Moderate Carb","pregnancy,lactation","Skin health,urinary health,kidney health,Gastrointestinal Health",19.7,45.9,18.6,43.3,1.9,4.3,6.2,14.5,52,121.2,0.7,1.5,0.6,1.3,0.9,2,1.3,3.1,0.1,0.2,17.5,4.1,0.2,0.5,10.2,4.3,1.3,0.6,0.2,0.5,,,,," B7,B5,A,B3,B6,B1,B12,B2,D3,B9",60.9,261.2,254.7,1093,,,,,,,,,,,
RC_D_P10,Royal Canin,Dog,Urinary UC,"small,medium,large",Dry,M,Adult,,"Rice,corn,wheat,Egg",",Moderate Protein,Moderate Fat,Low Fiber,Moderate Carb","pregnancy,lactation","Skin health,urinary health,kidney health,Gastrointestinal Health,Maintain Muscle Mass",21.9,50.6,16.4,37.9,1.1,2.5,6.2,14.4,54.8,127.9,0.9,2,0.7,1.5,1,2.3,0.3,0.8,0.1,0.2,16.4,3.8,0.2,0.5,8.9,3.9,1.2,0.5,0.2,0.5,,,,," B3,B5,B7,B6,B2,B1,A,B9,B12,D3",58.1,251.4,202.2,874,,,,,,,,,,,
RC_D_P11,Royal Canin,Dog,Anallergenic,"small,medium,large",Dry,,Adult,,Corn,"non-allergenic,Moderate Protein,Moderate Fat,Low Fiber,Moderate Carb","pregnancy,lactation","Skin health,Gastrointestinal Health,Healthy Immune System",19.2,45.9,17.6,42,2.5,5.9,6.2,14.8,52.6,125.4,0.6,1.6,0.5,1.2,1.1,2.6,0.7,1.8,0.1,0.2,16,3.8,0.3,0.6,8.5,3.6,1.7,0.7,0.2,0.5,,,,," B3,B12,B5,B7,B6,B2,B1,A,B9,D3",56.1,235.3,204,856,,,,,,,,,,,
RC_D_P12,Royal Canin,Dog,HYPOALLERGENIC HYDROLYZED PROTEIN,"small,medium,large",CANNED,,Adult,,"Pea,Chicken liver,Soy","non-allergenic,Moderate Protein,Moderate Fat,Moderate Fiber,Moderate Carb","pregnancy,lactation","Skin health,Gastrointestinal Health,Healthy Immune System",24.5,58.9,15.1,36.2,4.5,10.9,8.3,19.9,45.7,109.6,0.7,1.7,0.7,1.7,0.8,1.8,0.9,2.1,0.1,0.2,15.8,3.8,0.5,1.2,13.6,5.7,1.8,0.8,0.5,1.2,,,,," B3,B5,B7,B6,B2,B1,A,B12,B9,D3",50.7,211.3,272,1818,,,,,,,,,,,
RC_D_P13,Royal Canin,Dog,HYPOALLERGENIC HYDROLYZED PROTEIN SMALL DOG,small,Dry,,Adult,,"Rice,Soy","non-allergenic,Moderate Protein,Moderate Fat,Low Fiber,Moderate Carb","pregnancy,lactation","Skin Health,Gastrointestinal Health,Healthy Immune System,Dental health,urinary health,kidney health",26.2,61.5,17.5,41,0.7,1.5,4.8,11.3,45.3,106.4,0.9,2.2,0.7,1.7,0.8,1.8,1.1,2.6,0.1,0.2,17.5,4.1,0.2,0.5,10.4,4.4,2.2,0.9,0.4,0.9,,,,," B3,B5,B7,B6,B2,B1,A,B12,B9,B1",56.9,242.6,205,874,,,,,,,,,,,
RC_D_P14,Royal Canin,Dog,HYDROLYZED PROTEIN MODERATE CALORIE,"small,medium,large",Dry,,Adult,,"Rice,soy,chicken","MODERATE CALORIE,Weight Management,Moderate Protein,Moderate Fat,Low Fiber,Moderate Carb","pregnancy,lactation","Skin health,Gastrointestinal Health,Healthy Immune System,kidney health",25.1,61.8,13.1,32.2,1.3,3.2,5.8,14.2,51.9,127.6,0.9,2.2,0.7,1.6,0.9,2.2,0.4,1.1,0.1,0.2,17.5,4.3,0.2,0.5,8.7,3.6,2.2,0.9,0.4,1,,,,," B3,B5,B7,B6,B2,B1,A,B12,B9,B1",59.6,242.6,215,874,,,,,,,,,,,
RC_D_P15,Royal Canin,Dog,HYDROLYZED PROTEIN HP,"small,medium,large",Dry,MG,all,Yes,"Rice,Soy,pork",",Moderate Protein,High Fat,Low Fiber,Moderate Carb","fat intolerant,pregnancy,lactation","Skin health,Gastrointestinal Health,Healthy Immune System,Liver Health",23.2,51.5,21,46.6,1.2,2.7,6.2,13.7,47.8,106.2,0.9,2,0.7,1.5,0.7,1.5,0.4,1,0.1,0.2,16.6,3.7,0.2,0.5,10.9,4.9,2.3,1,0.4,0.8,,,,," B3,B5,B7,B6,B2,B1,A,B9,B12,D3",41.7,187.8,196,874,,,,,,,,,,,
RC_D_P16,Royal Canin,Dog,SELECTED PROTEIN PD,"small,medium,large",CANNED,,Adult,,"duck,potato",",Moderate Protein,High Fat,Moderate Fiber,Moderate Carb","fat intolerant,pregnancy,lactation","Skin health,Gastrointestinal Health,Healthy Immune System",26.9,58,24.2,52.2,5,10.8,7.7,16.6,36.9,79.5,0.9,2,0.8,1.8,1,2.2,0.6,1.3,0.1,0.2,23.1,5,0.5,1.2,8.3,3.8,1.7,0.8,0.5,1.2,,,,," B3,B7,B5,B1,B2,B6,B12,B9,D3",49.7,230.8,199,923,,,,,,,,,,,
RC_D_P17,Royal Canin,Dog,SELECTED PROTEIN PD,"small,medium,large",Dry,,Adult,,"Potato,duck,soy",",Moderate Protein,Moderate Fat,Moderate Fiber,Moderate Carb","pregnancy,lactation","Skin health,Gastrointestinal Health,Healthy Immune System",23,56.2,13.1,32.1,1.5,3.8,7.8,19,55,134.6,1,2.4,0.8,1.9,1.2,2.9,0.5,1.2,0.1,0.2,16.4,4,0.1,0.3,3.8,1.6,1.3,0.5,0.2,0.5,,,,," B7,B5,A,B6,B3,B9,B1,B12,B2,D3",54,220.8,268,1093,,,,,,,,,,,
RC_D_P18,Royal Canin,Dog,SELECTED PROTEIN RC,"small,medium,large",Dry,,Adult,,"Rice,fish","moderate calorie,Weight Management,Moderate Protein,Low Fat,Moderate Fiber,Moderate Carb",kidney disease,"Skin health,Gastrointestinal Health,Healthy Immune System",25.1,68.4,9.8,26.8,5.2,14.3,8.7,23.8,51.9,141.3,1.6,4.4,1,2.7,0.8,2.2,0.5,1.3,0.1,0.2,16.4,4.5,0.3,0.7,6.2,2.3,1.1,0.4,0,0,,,,," B3,B5,B7,B6,B2,B1,A,B9,B12,D3",72.6,266.7,238,874,,,,,,,,,,,
RC_D_P19,Royal Canin,Dog,VEGETARIAN,"small,medium,large",CANNED,,Adult,,"soy,Rice ","plant_based,High Protein,Moderate Fat,Low Fiber,Moderate Carb","pregnancy,lactation","Skin health,Gastrointestinal Health,Healthy Immune System,Liver Health",33.6,79.4,14.2,33.6,3.9,9.2,6.9,16.3,41.8,98.7,0.8,1.9,0.7,1.7,1.1,2.6,0.6,1.5,0.1,0.2,17.2,4.1,0.2,0.4,8.6,3.7,2.5,1.1,0,0,,,,," B7,B5,A,B3,B6,B1,B12,D3,B2,B9",63.1,267.2,610,2586,,,,,,,,,,,
RC_D_P20,Royal Canin,Dog,VEGETARIAN,"small,medium,large",Dry,,Adult,,"oat,Rice,potato","plant_based,Weight Management,Moderate Protein,Moderate Fat,High Fiber,High Carb","pregnancy,lactation","Skin health,Gastrointestinal Health,Liver Health",20.8,53.5,10.9,28.1,3.6,9.3,12.4,32.1,58.7,151.1,0.9,2.3,0.6,1.5,0.7,1.9,0.3,0.8,0.1,0.3,16.4,4.2,0.2,0.4,3.8,1.5,1.9,0.7,0,0,,,,," B7,B5,A,B3,B6,B1,B12,B2,D3,B9",70.3,273.2,281,1093,,,,,,,,,,,
RC_D_P21,Royal Canin,Dog,DIABETIC,"small,medium,large",Dry,,Adult,,"chicken,barley,Corn","Low Carb,Moderate calorie,High Protein,Weight Management,Moderate Fat,High Fiber","pregnancy,lactation,kidney disease,Liver failure,proteinuria,urinary problems,kidney disease","Skin health,Gastrointestinal Health,Healthy Immune System,Maintain Muscle Mass,diabetes",40.4,110.1,13.1,35.7,8.7,23.8,18.8,51.2,31.9,86.9,1,2.7,0.8,2.1,0.8,2.1,0.3,0.9,0.1,0.3,16.4,4.5,0.2,0.6,7.6,2.8,1.6,0.6,0.3,0.9,,,,," B7,B5,A,B3,B6,B1,B12,B2,D3,B9",55.7,204.4,298,1093,,,,,,,,,,,
RC_D_P22,Royal Canin,Dog,SATIETY SUPPORT WEIGHT MANAGEMENT,"small,medium,large",CANNED,,Adult,,"Pork,pork liver,chicken,corn","Weight Management,High Protein,Moderate Fat,High Fiber,Moderate Carb","pregnancy,lactation,kidney disease,Liver failure,proteinuria,urinary problems,kidney disease,active pets","bone and joint health,Gastrointestinal Health,Maintain Muscle Mass,urinary health,kidney health",39.4,106.3,12,32.4,7.4,20,20,53.9,34.9,94,0.8,2.2,0.7,2,0.9,2.5,0.4,1.1,0.1,0.2,18.3,4.9,0.4,1.1,6.2,2.3,1.5,0.6,0.4,1,,,,," B1,B7,B3,B5,B2,B6,B12,B9,D3,glucosamine hydrochloride",47.8,177.1,292.8,1085,,,,,,,,,,,
RC_D_P23,Royal Canin,Dog,SATIETY SUPPORT WEIGHT MANAGEMENT,"small,medium,large",Dry,,Adult,,"chicken,wheat,tapioca,corn","Weight Management,High Protein,Moderate Fat,High Fiber,Moderate Carb","pregnancy,lactation,kidney disease,Liver failure,proteinuria,urinary problems,kidney disease,active pets","bone and joint health,Gastrointestinal Health,Maintain Muscle Mass",33.1,117.4,10.5,37.2,18.8,66.5,31.3,110.8,31.3,110.8,1,3.5,0.8,2.7,1,3.5,0.3,1.2,0.2,0.5,16.6,5.9,0.2,0.8,7.9,2.2,3.1,0.9,0.4,1.6,,,,," A,D3,B3,B2,B5,B1,B6,B9,B7,B12",67.3,190.1,391,1093,,,,,,,,,,,
RC_D_P24,Royal Canin,Dog,SATIETY SUPPORT SMALL DOG,small,Dry,,Adult,,"chicken,pea,wheat,tapioca,corn","Weight Management,High Protein,Moderate Fat,High Fiber,Moderate Carb","pregnancy,lactation,kidney disease,Liver failure,proteinuria,urinary problems,kidney disease,active pets","bone and joint health,Dental health,Maintain Muscle Mass,urinary health,kidney health",32.8,109.6,10.4,34.7,15.8,53,30.4,101.6,33.3,111.4,1,3.3,0.8,2.6,0.9,2.9,0.8,2.6,0.1,0.5,16.4,5.5,0.2,0.7,6.8,2,2,0.6,0.3,1.1,,,,," B3,B7,B2,B5,B6,B1,A,B12,B9,D3",66.1,197.8,365,1093,,,,,,,,,,,
RC_D_P25,Royal Canin,Dog,SATIETY + HYDROLYZED PROTEIN,"small,medium,large",Dry,,Adult,,"Soy,Rice,pea","MULTIFUNCTION,Weight Management,High Protein,Moderate Fat,High Fiber,Moderate Carb","pregnancy,lactation,kidney disease,Liver failure,proteinuria,urinary problems,kidney disease,active pets","Skin health,Maintain Muscle Mass,Healthy Immune System",32.8,117.4,10.4,37.2,19,68.1,30.7,109.9,31,111.1,0.8,3,0.6,2.3,0.9,3.1,0.5,1.8,0.1,0.5,16.4,5.9,0.2,0.8,8.4,2.3,3,0.8,0.4,1.6,,,,," B3,B5,B7,B6,B2,B1,A,B12,B9",85.7,239.3,313,874,,,,,,,,,,,
RC_D_P26,Royal Canin,Dog,GASTROINTESTINAL PUPPY,"small,medium,large",CANNED,G,Growth,,"Pork,chicken,chicken liver,Rice","High Protein,High Fat,Moderate Fiber,Low Carb","Pancreatitis,Hyperlipidemia,heart failure","Gastrointestinal Health,Healthy Immune System,Gastroenteritis",46.3,99.8,28.24,60.88,3.7,7.98,7.41,15.97,12.5,26.95,1.62,3.49,1.25,2.69,0.69,1.5,0.93,2,0.09,0.2,13.9,2.99,0.6,1.3,11.98,5.56,2,0.93,0.51,1.1,,,,," B1,B3,B7,B5,B2,B6,B12,B9,D3",38.92,180.56,159.68,-,,,,,,,,,,,
RC_D_P27,Royal Canin,Dog,GASTROINTESTINAL PUPPY,"small,medium,large",Dry,G,Growth,,"Rice,chicken,wheat","High Protein,High Fat,Low Fiber,Moderate Carb","Pancreatitis,Hyperlipidemia,heart failure","Gastrointestinal Health,Healthy Immune System,Gastroenteritis",31.52,69.91,23.91,53.04,1.96,4.34,6.63,14.71,32.83,72.81,1.58,3.5,1.2,2.65,0.85,1.88,0.44,0.96,0.09,0.19,16.3,3.62,0.54,1.21,11.19,5.04,2.05,0.92,0.47,1.04,,,,," B7,B5,A,B2,B3,B12,B6,B1,D3,B9",42.67,192.39,265.19,1195.65,,,,,,,,,,,
RC_D_P28,Royal Canin,Dog,GASTROINTESTINAL LOW FAT,"small,medium,large",LIQUID,,Adult,Yes,"milk,Soy","High Protein,Low Fat,High Fiber,Low Carb","pregnancy,lactation,kidney disease,Liver failure,proteinuria,urinary problems,kidney disease","Healthy Immune System,Gastrointestinal Health",37.7,101.2,8.2,22,0,0,48.6,131,0.9,2.3,0.7,2,0.4,1.1,0.1,0.2,0.9,2.4,0.6,1.7,13.6,3.7,1.8,4.9,1.2,0.4,1.1,0.4,0.1,0.3,,,,," B7,B5,A,B2,B3,B12,B6,B1,D3,B9",47.6,177.3,244,909,,,,,,,,,,,
RC_D_P29,Royal Canin,Dog,GASTROINTESTINAL LOW FAT,"small,medium,large",CANNED,,Adult,,"Pork,pork liver,Rice,corn","Moderate Protein,Low Fat,Moderate Fiber,Moderate Carb","pregnancy,lactation","Skin health,Gastrointestinal Health,Healthy Immune System,urinary health,kidney health,Gastroenteritis",29.07,79.62,7.75,21.23,4.65,12.74,10.08,27.6,51.16,140.13,0.97,2.65,0.58,1.59,0.78,2.12,0.66,1.8,0.08,0.21,14.34,3.93,0.12,0.32,4.25,1.55,1.17,0.43,0.24,0.64,,,,," B1,B3,B7,B5,B2,B6,B12,B9,D3",31.85,116.28,265.39,968.99,,,,,,,,,,,
RC_D_P30,Royal Canin,Dog,GASTROINTESTINAL LOW FAT SMALL DOG,small,Dry,,Adult,,"Rice,chicken,barley","Moderate Protein,Low Fat,Moderate Fiber,High Carb","pregnancy,lactation","Gastrointestinal Health,Healthy Immune System,urinary health,kidney health",24.04,64.65,7.65,20.57,2.95,7.93,9.18,24.68,57.38,154.28,1.15,3.09,0.87,2.35,0.77,2.06,0.6,1.62,0.09,0.24,16.39,4.41,0.13,0.35,4.17,1.55,0.73,0.27,0.15,0.41,,,,," B7,B5,A,B2,B3,B12,B6,B1,D3,B9",59.36,220.77,323.24,1202.19,,,,,,,,,,,
RC_D_P31,Royal Canin,Dog,GASTROINTESTINAL LOW FAT,"small,medium,large",Dry,,Adult,,"Rice,chicken,barley,pork,Pea,","Moderate Protein,Low Fat,Moderate Fiber,High Carb","pregnancy,lactation","Skin health,Gastrointestinal Health,Healthy Immune System",24.04,64.57,7.65,20.55,3.06,8.22,8.96,24.07,57.6,154.68,1.15,3.08,0.87,2.35,0.77,2.05,0.5,1.35,0.09,0.23,16.4,4.4,0.13,0.35,4.14,1.54,0.7,0.26,0.15,0.41,,,,," B7,B5,A,B2,B3,B12,B6,B1,D3,B9",59.88,222.95,293.51,1092.9,,,,,,,,,,,
RC_D_P32,Royal Canin,Dog,GASTROINTESTINAL GI LOW FAT + HYDROLYZED PROTEIN,"small,medium,large",Dry,,Adult,,"Rice,Soy,brewers rice","MULTIFUNCTION,Moderate Protein,Low Fat,Low Fiber,High Carb","pregnancy,lactation","Gastrointestinal Health,Healthy Immune System,Skin health",27.32,70.66,7.65,19.79,1.31,3.39,6.45,16.68,56.5,146.13,0.87,2.26,0.66,1.7,0.77,1.98,0.44,1.13,0.09,0.23,16.39,4.24,0.23,0.59,5.37,2.08,0.99,0.38,0.16,0.42,,,,," B3,B5,B7,B6,B2,B1,A,B12,B9,D3",61.05,236.07,226.12,874.32,,,,,,,,,,,
RC_D_P33,Royal Canin,Dog,GASTROINTESTINAL MODERATE CALORIE,"small,medium,large",WET,,Adult,,"Pork,Rice,chicken liver,chicken","Moderate calorie,Weight Management,High Protein,Moderate Fat,Moderate Fiber,Moderate Carb","pregnancy,lactation","Gastrointestinal Health,Healthy Immune System,Skin health",31.13,78.13,13.62,34.18,3.89,9.77,7.78,19.53,44.36,111.33,1.05,2.64,0.78,1.95,0.74,1.86,0.58,1.46,0.08,0.2,17.12,4.3,0.16,0.39,4.88,1.95,1.66,0.66,0.43,1.07,,,,," B1,B3,B7,B5,B2,B6,B12,B9,D3",53.71,214,205.08,817.12,,,,,,,,,,,
RC_D_P34,Royal Canin,Dog,GASTROINTESTINAL MODERATE CALORIE,"small,medium,large",Dry,,Adult,,"Rice,chicken,corn,egg","Moderate calorie,Weight Management,Moderate Protein,Moderate Fat,Moderate Fiber,Moderate Carb","pregnancy,lactation","Gastrointestinal Health,Healthy Immune System,Skin health",25.14,63.2,12.02,30.23,2.19,5.5,7.65,19.24,52.68,132.45,1.31,3.3,0.87,2.2,0.77,1.92,0.49,1.24,0.09,0.22,16.39,4.12,0.14,0.36,7.31,2.91,1.73,0.69,0.4,1.02,,,,," B7,B5,A,B2,B3,B12,B6,B1,D3,B9",56.06,222.95,274.8,1092.9,,,,,,,,,,,
RC_D_P35,Royal Canin,Dog,GASTROINTESTINAL,"small,medium,large",CANNED,,Adult,,"Pork,chicken,salmon,Rice,pork liver","High energy,High Protein,High Fat,Moderate Fiber,Low Carb","pregnancy,lactation,Pancreatitis,Hyperlipidemia,heart failure,overweight","Gastrointestinal Health,Healthy Immune System,Skin health,Gastroenteritis",33.46,76.32,24.23,55.26,4.23,9.65,7.69,17.54,29.23,66.67,1.54,3.51,1.19,2.72,0.69,1.58,0.81,1.84,0.12,0.26,13.46,3.07,0.15,0.35,7.89,3.46,2.46,1.08,0.65,1.49,,,,," B1,B3,B7,B5,B2,B6,B12,B9,D3",41.23,180.77,377.19,1653.85,,,,,,,,,,,
RC_D_P36,Royal Canin,Dog,GASTROINTESTINAL,"small,medium,large",Dry,,Adult,,"chicken,brown rice,corn,egg","High energy,Moderate Protein,High Fat,Moderate Fiber,Moderate Carb","pregnancy,lactation,Pancreatitis,Hyperlipidemia,heart failure,overweight","Gastrointestinal Health,Healthy Immune System,Skin health,Gastroenteritis",27.17,60.9,21.74,48.72,1.85,4.14,7.28,16.32,41.2,92.33,1.3,2.92,0.98,2.19,0.76,1.71,0.46,1.02,0.1,0.22,16.3,3.65,0.16,0.37,10.77,4.8,2,0.89,0.44,0.97,,,,," B7,B5,A,B2,B3,B12,B6,B1,D3,B9",47.26,210.87,243.61,1086.96,,,,,,,,,,,
RC_D_P37,Royal Canin,Dog,GASTROINTESTINAL HIGH FIBER,"small,medium,large",CANNED,,Adult,,"Pork,chicken liver,corn,salmon,Rice","HIGH FIBER,Moderate Protein,Moderate Fat,High Fiber,Moderate Carb","pregnancy,lactation","Gastrointestinal Health,Healthy Immune System",24.68,68.29,12.13,33.56,7.53,20.83,13.4,37.04,47.7,131.94,0.96,2.66,0.71,1.97,0.88,2.43,0.96,2.66,0.08,0.23,12.97,3.59,0.13,0.35,6.94,2.5,1.97,0.71,0.46,1.27,,,,," B1,B3,B7,B5,B2,B6,B12,B9,D3",46.3,167.36,300.93,1087.87,,,,,,,,,,,
RC_D_P38,Royal Canin,Dog,GASTROINTESTINAL HIGH FIBER,"small,medium,large",Dry,,Adult,,"chicken,Rice,Pea,wheat,corn","HIGH FIBER,Moderate Protein,Moderate Fat,High Fiber,Moderate Carb","pregnancy,lactation,Pancreatitis,Hyperlipidemia,heart failure","Gastrointestinal Health,Healthy Immune System",25.14,72.35,17.49,50.33,12.35,35.55,22.95,66.06,36.5,105.06,1.2,3.46,0.8,2.3,0.87,2.52,0.49,1.42,0.1,0.31,16.4,4.72,0.14,0.41,11.48,3.99,2.14,0.74,0.36,1.04,,,,," B7,B5,A,B2,B3,B12,B6,B1,D3,B9",61.97,215.3,346.02,1202.19,,,,,,,,,,,
RC_D_P39,Royal Canin,Dog,RECOVERY,"small,medium,large",LIQUID,,Adult,Yes,"milk,soy","High protein,Recovery,High Protein,High Fat,Low Carb","pregnancy,lactation,kidney disease,proteinuria,urinary problems,kidney disease,fat intolerant,Liver failure","Proteinuria,urinary health,kidney health,Gastrointestinal Health",42.1,90.9,26.3,56.8,0,0,-,-,26.3,56.8,1,2.3,0.8,1.8,1,2.3,0.5,1,0.1,0.2,14.2,3.1,0.7,1.4,11.4,5.3,3.3,1.5,0.6,1.3,,,,," B7,B5,A,B2,B3,B12,B6,B1,D3,B9",47.7,221,318,1474,,,,,,,,,,,
RC_D_P40,Royal Canin,Dog,RECOVERY,"small,medium,large",CANNED,MG,all,,"chicken,chicken liver","Recovery,Weight Management,High Protein,High Fat,Moderate Fiber,Low Carb","kidney disease,proteinuria,urinary problems,kidney disease,Liver failure,fat intolerant,Heart Failure","Healthy Immune System,Skin health,Gastrointestinal Health",47.2,101.4,29,62.3,4.3,9.3,10.8,23.3,9.1,19.5,1.4,3.1,1.2,2.5,1,2.1,1.3,2.9,0.1,0.2,14.7,3.3,0.5,1.2,11.2,5.2,5.6,2.6,1.9,4.1,,,,," B1,B7,B3,B5,B2,B6,B12,B9,D3",52.1,242.4,186,870,,,,,,,,,,,
RC_D_P41,Royal Canin,Dog,HEPATIC,"small,medium,large",CANNED,,Adult,,"Rice,corn,chicken liver,Pork,chicken",",Moderate Protein,Moderate Fat,Low Fiber,High Carb","pregnancy,lactation","Liver Health,Skin health,aging care,Gastrointestinal Health,hepatitis",18.21,45.11,11.2,27.76,2.24,5.55,4.76,11.8,63.87,158.22,0.73,1.8,0.48,1.18,0.7,1.73,0.25,0.62,0.08,0.21,4.76,1.18,0.14,0.35,6.94,2.8,1.8,0.73,0.42,1.04,,,,," B1,B3,B7,B5,B2,B6,B12,B9,D3",63.15,254.9,208.19,840.34,,,,,,,,,,,
RC_D_P42,Royal Canin,Dog,HEPATIC,"small,medium,large",Dry,,Adult,,"Rice,brown rice,corn,soy",",Low Protein,Moderate Fat,Moderate Fiber,High Carb","pregnancy,lactation","Liver Health,Skin health,aging care,Gastrointestinal Health,hepatitis",17.48,40.75,17.48,40.75,2.08,4.84,8.2,19.1,57.16,133.21,0.77,1.78,0.55,1.27,0.87,2.04,0.22,0.51,0.1,0.23,4.37,1.02,0.15,0.36,10.32,4.43,2.11,0.9,0.44,1.02,,,,," B7,B5,A,B2,B3,B12,B6,B1,D3,B9",61.39,263.39,254.71,1092.9,,,,,,,,,,,
RC_D_P43,Royal Canin,Dog,ADVANCED MOBILITY SUPPORT + SATIETY,"small,medium,large",Dry,,Adult,,"chicken,rice,wheat,pea","MULTIFUNCTION,Weight Management,High Protein,Moderate Fat,High Fiber,Moderate Carb","pregnancy,lactation,kidney disease,proteinuria,urinary problems,kidney disease,Liver failure,active pets","Healthy Immune System,bone and joint health,Gastrointestinal Health,Skin Health",30.6,102.1,12.6,41.9,16.9,56.5,30.8,102.8,31.9,106.5,0.9,2.9,0.4,1.5,0.9,3,0.4,1.5,0.1,0.3,16.4,5.5,0.2,0.6,9.8,2.9,2.9,0.9,0.5,1.8,,,,," B7,B5,A,B3,B6,B1,B12,B2,D3,B9",72.2,216.4,365,1093,,,,,,,,,,,
RC_D_P44,Royal Canin,Dog,ADVANCED MOBILITY SUPPORT,"small,medium,large",CANNED,,Adult,,"chicken,Pork,pork liver,corn,wheat","Weight Management,High Protein,High Fat,Moderate Fiber,Low Carb","pregnancy,lactation,fat intolerant","Healthy Immune System,bone and joint health,Kidney health,Skin Health",36.4,77.7,25.9,55.3,2.7,5.8,8.2,17.5,28.6,61.2,0.8,1.7,0.8,1.7,0.8,1.7,0.4,0.9,0.1,0.2,14.1,3,0.6,1.2,8.7,4.1,1.7,0.8,0.4,1,,,,," B7,B5,A,B3,B6,B1,B12,B2,D3,B9",30.1,140.9,194,909,,,,,,,,,,,
RC_D_P45,Royal Canin,Dog,ADVANCED MOBILITY SUPPORT,"small,medium,large",Dry,,Adult,,"Rice,wheat,chicken,corn,pea","Weight Management,Moderate Protein,Moderate Fat,Moderate Fiber,Moderate Carb","pregnancy,lactation","Healthy Immune System,bone and joint health,Kidney Health,Skin Health,",27.3,68.6,13.1,32.9,3.5,8.8,10.4,26.1,49.2,123.5,0.9,2.2,0.6,1.4,0.9,2.2,0.4,1.1,0.1,0.2,16.4,4.1,0.2,0.5,6.7,2.6,2.4,0.9,0.6,1.6,,,,," B7,B5,A,B3,B6,B1,b12,B2,D3,B9",50.2,200,274,1093,,,,,,,,,,,
RC_D_P46,Royal Canin,Dog,RENAL SUPPORT EARLY CONSULT,"small,medium,large",CANNED,,Adult,,"Pork,chicken liver,chicken,Rice,wheat","Weight Management,Moderate Protein,High Fat,Moderate Fiber,Moderate Carb","pregnancy,lactation,fat intolerant","aging care,Kidney health,Skin Health,Gastrointestinal Health",28.3,60.2,26.1,55.6,2.6,5.6,7.8,16.7,37.4,79.6,0.7,1.6,0.6,1.2,0.8,1.7,0.4,0.9,0.1,0.2,14.3,3.1,0.6,1.2,9.3,4.3,1.9,0.9,0.5,1.1,,,,," B1,B7,B3,B5,B2,B6,B12,B9,D3",37,173.9,194,913,,,,,,,,,,,
RC_D_P47,Royal Canin,Dog,RENAL SUPPORT EARLY CONSULT,"small,medium,large",Dry,,Adult,,"Corn,Rice,chicken,wheat","Weight Management,Moderate Protein,Moderate Fat,Moderate Fiber,Moderate Carb","pregnancy,lactation","aging care,Kidney health,Skin Health,Gastrointestinal Health",24.6,56.5,17.5,40.2,1.5,3.5,7.6,17.6,50.4,115.8,0.9,2,0.5,1.3,0.7,1.5,0.4,0.9,0.2,0.4,16.4,3.8,0.2,0.5,9.1,3.9,2.3,1,0.5,1.3,,,,," B7,B5,A,B3,B6,B1,B12,B2,D3,B9",50.3,218.6,251,1093,,,,,,,,,,,
RC_D_P48,Royal Canin,Dog,RENAL SUPPORT + HYDROLYZED PROTEIN,"small,medium,large",Dry,,Adult,,"Rice,Soy","MULTIFUNCTION,Weight Management,Low Protein,High Fat,Moderate Fiber,High Carb","pregnancy,lactation,fat intolerant","Kidney Health,Skin Health,Gastrointestinal Health,Liver Health,Heart Health",15.3,34.2,20.8,46.4,2,4.4,7.3,16.4,56.9,127.2,0.3,0.7,0.2,0.5,0.7,1.5,0.4,0.9,0.1,0.2,16.4,3.7,0.2,0.5,10.5,4.7,2.6,1.1,0.5,1.2,,,,," B7,B5,A,B3,B6,B1,B12,B2,B9",52.7,236.1,195,874,,,,,,,,,,,
RC_D_P49,Royal Canin,Dog,RENAL SUPPORT A,"small,medium,large",Dry,,Adult,,"rice,corn","Weight Management,Low Protein,Moderate Fat,Moderate Fiber,High Carb","pregnancy,lactation,fat intolerant","aging care,Kidney health,Skin Health,heart health,Heart Health",15.3,35,19.7,45,2.8,6.5,8.7,20,58.2,133.2,0.4,1,0.2,0.5,0.6,1.5,0.4,0.9,0.1,0.2,16.4,3.7,0.2,0.5,9.7,4.2,2.3,1,0.5,1.2,,,,," B7,B5,A,B3,B6,B1,B2,D3,B9",58.2,254.6,250,546,,,,,,,,,,,
RC_D_P50,Royal Canin,Dog,RENAL SUPPORT D,"small,medium,large",CANNED,,Adult,,"chicken liver,chicken,corn,pork liver,Pork","Weight Management,Moderate Protein,High Fat,Moderate Fiber,Moderate Carb","pregnancy,lactation,fat intolerant","aging care,Kidney health,Skin Health,heart health,Heart Health",19,40.3,30,63.6,4,8.5,10,21.2,41,87,0.8,1.6,0.5,1.1,0.8,1.7,0.4,1,0.1,0.2,13,2.8,0.6,1.3,10.6,5,1.7,0.8,0.4,1,,,,," B1,B7,B3,B5,B2,B6,B12,B9,D3",36.1,170,191,850,,,,,,,,,,,
RC_D_P51,Royal Canin,Dog,RENAL SUPPORT E,"small,medium,large",CANNED,,Adult,,"Rice,Pork,chicken,chicken liver,corn","Weight Management,Low Protein,High Fat,Moderate Fiber,Moderate Carb","pregnancy,lactation,fat intolerant","aging care,Kidney health,Skin Health,heart health,Heart Health",16.2,34.5,26.5,56.5,2.9,6.3,7.4,15.7,50,106.6,0.5,1.1,0.3,0.7,0.8,1.6,0.4,0.8,0.1,0.2,10.3,2.2,0.6,1.3,13.2,6.2,1.6,0.8,0.5,1,,,,," B1,B7,B3,B5,B2,B6,B12,B9,D3",31.4,147,201,941,,,,,,,,,,,
RC_D_P52,Royal Canin,Dog,RENAL SUPPORT S,"small,medium,large",Dry,,Adult,,"Rice,corn,brown rice","Weight Management,Low Protein,Moderate Fat,Moderate Fiber,High Carb","pregnancy,lactation,fat intolerant","aging care,Kidney health,Skin Health,heart health,Heart Health",13.7,30.9,19.7,44.5,1.8,4.2,8.7,19.8,60.2,136.3,0.6,1.4,0.3,0.7,0.6,1.5,0.4,0.9,0.1,0.3,16.4,3.7,0.2,0.5,9.2,4,1.9,0.8,0.5,1.2,,,,," B7,B5,A,B3,B6,B1,B12,B2,D3,B9",56.9,251.4,247,1093,,,,,,,,,,,
RC_D_P53,Royal Canin,Dog,SMALL PUPPY,small,Dry,G,Growth,,"chicken,Rice,wheat,corn",",High Protein,High Fat,Moderate Fiber,Moderate Carb","fat intolerant,kidney disease","Brain health,Healthy Immune System,Gastrointestinal Health",33.9,76.6,21.9,49.4,2.1,4.7,7.2,16.3,32.8,74.1,1.5,3.5,1.2,2.6,0.7,1.6,0.4,1,0.1,0.2,16.4,3.7,0.5,1.2,10.4,4.6,1.5,0.7,0.3,0.7,,,,," B7,B5,A,B6,B9,B3,B12,B1,D3,B2",43.2,191.3,247,1093,,,,,,,,,,,
RC_D_P54,Royal Canin,Dog,MEDIUM PUPPY,medium,CANNED,G,Growth,,"chicken,Pork,chicken liver,Rice,wheat,pork",",High Protein,High Fat,Moderate Fiber,Low Carb","kidney disease,proteinuria,urinary problems,kidney disease,Liver failure,fat intolerant","Brain health,Healthy Immune System",38.6,82.7,27.9,59.8,2.8,6,7,14.9,21.4,45.8,1.6,3.4,1.2,2.6,0.7,1.6,0.9,2,0.1,0.2,13.9,3,0.6,1.3,10,4.7,1.8,0.8,0.5,1,,,,," B1,B3,B7,B5,B2,B6,B12,B9,D3",39.8,186.1,144.4,674,,,,,,,,,,,
RC_D_P55,Royal Canin,Dog,MEDIUM PUPPY,medium,Dry,G,Growth,,"chicken,Rice,corn,wheat",",High Protein,High Fat,Moderate Fiber,Moderate Carb","fat intolerant,kidney disease","Brain health,Healthy Immune System,Gastrointestinal Health",34.8,78.4,22.2,50,2.2,4.9,8.3,18.6,32.6,73.5,1.5,3.5,1.2,2.6,0.7,1.5,0.4,1,0.1,0.2,16.3,3.7,0.5,1.2,10.5,4.7,1.6,0.7,0.3,0.7,,,,," B7,B5,A,B3,B9,B6,B12,B1,D3,B2",42.4,188,244.9,1087,,,,,,,,,,,
RC_D_P56,Royal Canin,Dog,LARGE PUPPY,large,CANNED,G,Growth,,"chicken,Pork,chicken liver,Rice,wheat,pork",",High Protein,High Fat,Moderate Fiber,Low Carb","kidney disease,proteinuria,urinary problems,kidney disease,Liver failure,fat intolerant","Brain health,Healthy Immune System",40.9,92.7,24.6,55.9,4.4,10.1,8.4,19,21.2,48,1.6,3.6,1.2,2.7,0.8,1.8,0.7,1.7,0.1,0.2,16.3,3.7,0.5,1.2,8.9,3.9,1.9,0.8,0.4,1,,,,," B1,B3,B7,B5,B2,B6,B12,B9,D3",45.8,20.2,156.4,700,,,,,,,,,,,
RC_D_P57,Royal Canin,Dog,LARGE PUPPY,large,Dry,G,Growth,,"chicken,corn,wheat,Rice",",High Protein,Moderate Fat,Moderate Fiber,Moderate Carb",kidney disease,"Brain health,Healthy Immune System,Gastrointestinal Health",32.8,77.5,17.5,41.3,1.9,4.4,8.4,19.9,38.4,90.7,1.5,3.6,1.1,2.7,0.7,1.6,0.4,1,0.1,0.2,16.4,3.9,0.5,1.2,9.4,4,1.5,0.6,0.3,0.8,,,,," B7,B5,A,B3,B9,B6,B12,B1,D3,B2",50.6,214.2,258.4,546,,,,,,,,,,,
RC_D_P58,Royal Canin,Dog,ADULT,"small,medium,large",CANNED,,Adult,,"chicken,pork liver,Pork,corn,Rice,salmon",",High Protein,Moderate Fat,Low Fiber,Moderate Carb","pregnancy,lactation","Skin health,Healthy Immune System,Gastrointestinal Health,urinary health,kidney health",30.8,72.8,16.9,40,2.7,6.4,6.9,16.4,41.9,99.2,1.2,2.8,0.9,2.1,0.7,1.7,0.4,0.9,0.1,0.2,16.2,3.8,0.5,1.2,10,4.2,1.4,0.6,0.3,0.7,,,,," B3,B5,B7,B1,B2,B6,B12,B9,D3",50,211.5,191,808,,,,,,,,,,,
RC_D_P59,Royal Canin,Dog,ADULT SMALL DOG,small,Dry,,Adult,,"chicken,corn,Rice,brown rice,wheat",",Moderate Protein,Moderate Fat,Moderate Fiber,Moderate Carb","pregnancy,lactation","Skin health,Healthy Immune System,Gastrointestinal Health,urinary health,kidney health,Dental health",27.3,64,17.5,40.9,1.5,3.6,7.5,17.7,45.2,105.9,1,2.4,0.8,1.8,0.7,1.5,1,2.3,0.1,0.2,16.4,3.8,0.2,0.4,9.6,4.1,1.7,0.7,0.3,0.8,,,,," B3,B5,B7,B6,B2,B1,A,B12,B9,D3",45,192.4,205,874,,,,,,,,,,,
RC_D_P60,Royal Canin,Dog,ADULT,"small,medium,large",Dry,M,Adult,Yes,"Corn,chicken,Rice,brown rice",",Moderate Protein,Moderate Fat,Moderate Fiber,Moderate Carb","pregnancy,lactation","Skin health,Healthy Immune System,Gastrointestinal Health",25.1,58.5,17.5,40.7,1.5,3.6,7.5,17.5,48.4,112.6,1.2,2.8,0.9,2,0.7,1.7,0.3,0.8,0.1,0.2,16.4,3.8,0.2,0.5,9.9,4.3,1.6,0.7,0.3,0.8,,,,," B7,B5,A,B6,B3,B9,B12,B1,D3,B2",46.3,198.9,280,1202,,,,,,,,,,,
RC_D_P61,Royal Canin,Dog,ADULT LARGE DOG,large,Dry,,Adult,,"chicken,corn,Rice,wheat,brown rice",",Moderate Protein,Moderate Fat,Moderate Fiber,Moderate Carb","pregnancy,lactation","Skin health,Healthy Immune System,Gastrointestinal Health,bone and joint health",27.3,62.9,18.6,42.7,2,4.5,7.9,18.1,45.2,104.1,1,2.3,0.8,1.8,0.8,1.8,0.3,0.8,0.1,0.2,16.4,3.8,0.2,0.5,10.2,4.4,1.6,0.7,0.3,0.8,,,,," B7,B5,A,B6,B3,B9,B12,B1,D3,B2",43,18.7,277,1202,,,,,,,,,,,
RC_D_P62,Royal Canin,Dog,DENTAL SMALL DOG,small,Dry,,Adult,,"Rice,corn,chicken,wheat,pea",",Moderate Protein,Moderate Fat,Moderate Fiber,Moderate Carb","pregnancy,lactation","Skin health,Healthy Immune System,Gastrointestinal Health,Dental health",24,56.5,18.6,43.7,3.1,7.2,9.8,23.1,47.4,111.5,0.9,2,0.7,1.5,0.7,1.5,0.8,1.8,0.1,0.2,16.4,3.9,0.2,0.5,9,3.8,1.6,0.7,0.3,0.8,,,,," B3,B5,B7,B6,B2,B1,A,B12,B9,D3",52.4,223,205,874,,,,,,,,,,,
RC_D_P63,Royal Canin,Dog,DENTAL,"small,medium,large",Dry,,Adult,,"Rice,corn,chicken,wheat,pea",",Moderate Protein,Moderate Fat,Moderate Fiber,Moderate Carb","pregnancy,lactation","Skin health,Healthy Immune System,Gastrointestinal Health,Dental health,bone and joint health",24,56.2,18.6,43.4,3.2,7.4,9.8,23,48.2,112.7,0.9,2,0.7,1.5,0.7,1.5,0.4,0.8,0.1,0.2,16.4,3.8,0.2,0.5,9,3.8,1.6,0.7,0.3,0.8,,,,," B7,B5,A,B3,B6,B12,B1,D3,B2,B9,glucosamine hydrochloride",50.1,214.2,256,1093,,,,,,,,,,,
RC_D_P64,Royal Canin,Dog,WEIGHT CONTROL,"small,medium,large",CANNED,,Adult,,"chicken,pork liver,Pork,corn,salmon,Rice,wheat","Weight Management,High Protein,Moderate Fat,Moderate Fiber,Moderate Carb","pregnancy,lactation,kidney disease,proteinuria,urinary problems,kidney disease,Liver failure","Skin health,Healthy Immune System,Gastrointestinal Health,urinary health,kidney health,Less active pets",36.2,89.6,12.8,31.6,3,7.4,8.5,21.1,40.4,100.1,1,2.5,0.8,1.9,0.9,2.1,0.3,0.8,0.1,0.3,17.4,4.3,0.5,1.3,6.3,2.6,1.3,0.5,0.3,0.7,,,,," B3,B5,B7,B1,B2,B6,B12,B9,D3",52.7,212.8,198,800,,,,,,,,,,,
RC_D_P65,Royal Canin,Dog,WEIGHT CONTROL,"small,medium,large",Dry,,Adult,,"Corn,chicken,corn,barley,pea,wheat","Weight Management,High Protein,Moderate Fat,High Fiber,Moderate Carb","pregnancy,lactation,kidney disease,proteinuria,urinary problems,kidney disease,Liver failure","Skin health,Healthy Immune System,Gastrointestinal Health,Less active pets",30.6,83.5,12,32.8,7.7,20.9,18.7,51,43.3,118.1,0.9,2.4,0.7,1.8,0.7,1.8,0.3,0.9,0.1,0.3,16.4,4.5,0.2,0.5,9.2,3.4,1.8,0.6,0.3,0.9,,,,," B7,B5,A,B6,B3,B9,B12,B1,D3,B2",53.7,196.7,298,1093,,,,,,,,,,,
RC_D_P66,Royal Canin,Dog,WEIGHT CONTROL LARGE DOG,large,Dry,,Adult,,"Corn,chicken,corn,barley,pea,wheat","Weight Management,High Protein,Moderate Fat,High Fiber,Moderate Carb","pregnancy,lactation,kidney disease,proteinuria,urinary problems,kidney disease,Liver failure","Skin health,Healthy Immune System,Gastrointestinal Health,bone and joint health,Less active pets",30.6,83.8,12,32.9,7.7,21,18.6,50.9,42.8,117.4,0.9,2.4,0.7,1.8,0.7,1.8,0.4,1.2,0.1,0.3,16.4,4.5,0.2,0.6,9,3.3,1.7,0.6,0.3,0.9,,,,," B7,B5,A,B6,B3,B9,B12,B1,D3,B2,glucosamine hydrochloride",51.8,189.1,329,1202,,,,,,,,,,,
RC_D_P67,Royal Canin,Dog,MATURE CONSULT,"small,medium,large",CANNED,,Adult,,"Pork,pork liver,chicken,wheat,Rice",",High Protein,Moderate Fat,Moderate Fiber,Moderate Carb","pregnancy,lactation,kidney disease,proteinuria,urinary problems,kidney disease,Liver failure","aging care,Heart Health,Brain health,Maintain Muscle Mass,urinary health,kidney health,Kidney health",38.3,92.5,14.9,36,3.8,9.2,11.1,26.7,39.1,94.6,0.8,1.8,0.6,1.4,0.6,1.5,0.3,0.8,0.1,0.2,18.7,4.5,0.51,1.2,6.2,2.6,1.8,0.8,0.5,1.2,,,,," B3,B1,B5,B7,B2,B6,B12,B9,D3",46.2,191.5,190,787,,,,,,,,,,,
RC_D_P68,Royal Canin,Dog,MATURE CONSULT,"small,medium,large",Dry,,Adult,,"Corn,wheat,chicken,pea",",Moderate Protein,Moderate Fat,High Fiber,Moderate Carb","pregnancy,lactation","Dental health,Heart health,Brain health,Maintain Muscle Mass,Skin health,Kidney health",25.1,65.2,15.3,39.7,6.6,17,16.7,43.4,46.1,119.6,1,2.6,0.6,1.6,0.9,2.3,0.3,0.9,0.1,0.3,16.4,4.3,0.2,0.5,10,3.8,2.3,0.9,0.5,1.3,,,,," B3,B5,B7,B6,B2,B1,A,B12,B9,D3",55,212,227,874,,,,,,,,,,,
RC_D_P69,Royal Canin,Dog,MATURE CONSULT LARGE DOG,large,Dry,,Adult,,"Rice,chicken,wheat,corn,pea",",Moderate Protein,Moderate Fat,High Fiber,Moderate Carb","pregnancy,lactation","Dental health,Heart health,Brain health,Maintain Muscle Mass,bone and joint health,Kidney health",27.3,70.4,16.4,42.2,7.2,18.6,16.6,42.8,42.8,110.4,0.8,2.1,0.6,1.5,0.9,2.3,0.3,0.8,0.1,0.3,16.4,4.2,0.2,0.5,9.8,3.8,2.3,0.9,0.5,1.3,,,,," B3,B5,B7,B6,B2,B1,A,B12,B9,D3",50.7,196.7,225,874,,,,,,,,,,,
RC_D_P70,Royal Canin,Dog,URINARY TREATS,"small,medium,large",Dry,,Adult,,"Rice,corn,chicken","moderate sodium,Weight Management,Moderate Protein,Moderate Fat,Low Fiber,Moderate Carb",,"Skin health,urinary health,kidney health",21.9,51,18.6,43.3,1.6,3.8,6.1,14.3,49.3,115,0.8,1.8,0.8,1.8,0.9,2,1.3,3.1,0.1,0.2,16.4,3.8,0.2,0.5,10.1,4.3,1.4,0.6,0.2,0.6,,,,," B7,B5,A,B3,B6,B1,B12,B2,D3,B9",50.5,216.4,254.9,1093,,,,,,,,,,,
RC_D_P71,Royal Canin,Dog,HYDROLYZED PROTEIN TREATS,"small,medium,large",Dry,,Adult,,"Rice,Soy","Weight Management,Moderate Protein,Moderate Fat,Low Fiber,Moderate Carb",,"Skin health,urinary health,kidney health,Gastrointestinal Health,Dental health,Healthy Immune System",26.2,61.5,17.5,41,0.7,1.5,4.8,11.3,45.3,106.4,0.9,2.2,0.7,1.7,0.8,1.8,1.1,2.6,0.1,0.2,16.4,3.8,0.2,0.5,10.4,4.4,2.2,0.9,0.4,0.9,,,,," B3,B5,B7,B6,B2,B1,A,B12,B9",56.9,242.6,205,874,,,,,,,,,,,
RC_D_P72,Royal Canin,Dog,SATIETY TREATS,"small,medium,large",Dry,,Adult,,"chicken,pea,wheat,corn","Weight Management,High Protein,Moderate Fat,High Fiber,Moderate Carb","kidney disease,proteinuria,urinary problems,kidney disease,Liver failure","Skin health,urinary health,kidney health,healthy Immune System,bone and joint health",32.8,109.6,10.4,34.7,15.8,53,30.4,101.6,33.3,111.4,1,3.3,0.8,2.6,0.9,2.9,0.8,2.6,0.1,0.5,16.4,5.5,0.2,0.7,6.8,2,2,0.6,0.3,1.1,,,,," B3,B7,B2,B5,B6,B1,A,B12,B9,D3",66.1,197.8,365,1093,,,,,,,,,,,
RC_D_P73,Royal Canin,Dog,GASTROINTESTINAL TREATS,"small,medium,large",Dry,,Adult,,"Rice,chicken,wheat,barley",",Moderate Protein,Low Fat,Moderate Fiber,High Carb",,"Skin health,Gastrointestinal Health,Healthy Immune System",24,63.7,7.1,18.8,2,5.2,9.5,25.2,59.5,157.4,1.2,3.1,0.9,1.8,0.7,1.8,0.5,1.2,0.1,0.3,16.4,4.3,0.2,0.5,4,1.5,0.8,0.3,0.2,0.4,,,,," B7,B5,A,B6,B3,B9,B1,B12,B2,D3",53,200,318.3,1202,,,,,,,,,,,
RC_D_P74,Royal Canin,Dog,HYDROLYZED PROTEIN PUPPY,"small,medium,large",Dry,G,Growth,,"Rice,Soy,beet",",Moderate Protein,High Fat,High Fiber,Moderate Carb","fat intolerant,Lage<6 months,adult<4kg","Skin health,Gastrointestinal Health,Healthy Immune System",25.1,56.8,20.8,46.9,1.1,2.5,12.4,37,43.8,99.1,1.4,3.2,1.1,2.5,0.7,1.5,0.4,1,0.1,0.2,16.4,3.7,0.5,1.2,11.1,4.9,2,0.9,0.4,0.8,,,,," B3,B5,B7,B6,B2,B1,A,B12,B9,D3",55.6,245.9,197.7,874,,,,,,,,,,,
RC_D_P75,Royal Canin,Dog,SKIN SUPPORT,"small,medium,large",Dry,MG,all,,"Rice,fish,brown rice",",Moderate Protein,Moderate Fat,Moderate Fiber,Moderate Carb","kidney disease,pregnancy,lactation","Skin health,Gastrointestinal Health,Healthy Immune System",26.8,65,16.9,41.1,3.7,9,7.9,19.1,45.1,109.6,1.3,3.1,1.1,2.6,0.7,1.6,0.4,1.1,0.1,0.2,16.4,4,0.3,0.7,8.9,3.7,3.2,1.3,0.7,1.6,,,,," B3,B5,B7,B6,B2,B1,A,B9,B12,D3",63.4,261.2,292,874,1.2,5.1,,,,,,,,,
RC_D_P76,Royal Canin,Dog,RENAL SUPPORT,"small,medium,large",LIQUID,,Adult,Yes,milk,",Low Protein,High Fat,Moderate Carb","fat intolerant,Hyperlipidemia,heart failure,pancreatitis,lymphangiectasia,pregnancy,lactation","Healthy Immune System,urinary health,kidney health",17.7,36.7,28.8,59.8,0,0,,,50,103.7,0.7,1.4,0.4,0.9,0.8,1.6,0.5,1,0.1,0.2,13.5,2.8,0.6,1.3,16,7.7,4.4,2.1,0.5,1.1,,,,," B3,B5,B7,B6,B2,B1,A,B9,B12,D3",43.1,207.7,159,769,,,,,,,,,,,
RC_D_P77,Royal Canin,Dog,PUPPY PROTECH,"small,medium,large",COLOSTRUM,,Growth,,Milk,",High Protein,High Fat,Low Fiber,Low Carb",fat intolerant,"Brain health,Gastrointestinal Health",31.8,58.6,35.9,66.2,0,0,1.4,2.6,27.4,50.5,0.9,1.7,0.8,1.4,0.6,1.1,0.3,0.6,0.1,0.1,13.3,2.5,0.2,0.4,6.3,3.4,0.8,0.5,0.2,0.3,,,,,,36.1,195.9,227,1231,,,9.1,4.9,0.8,0.4,,,,,
RC_D_P78,Royal Canin,Dog,SKINTOPIC SMALL DOG,small,Dry,M,Adult,,"chicken,Rice,wheat,chicken,Rice,corn","Moderate Protein,Moderate Fat,non-allergenic","Reproduction,Cardiac issues,hypertension,adrenal disorders","Atopic dermatitis,Small Breed,Skin health",23,,12,,3.2,,,,,,,,,,,,,,,,,,,,,2.4,,0.7,,,,,,," B3,B5,B7,B6,B2,B1,A,B9,B12,D3",102,,,,,,,,,,,,,,
RC_D_P79,Royal Canin,Dog,SKINTOPIC Medium & Large DOG,"medium,large",Dry,M,Adult,,"chicken,corn,Rice,wheat","Moderate Protein,Moderate Fat,non-allergenic","Reproduction,Cardiac issues,hypertension,adrenal disorders,weight < 1o kg","Atopic dermatitis,Skin health",21,,14,,4.1,,,,,,,,,,,,,,,,9,,,,,2.6,,0.7,,,,,641,," B3,B5,B7,B6,B2,B1,A,B9,B12,D3",104,,,,,,,,,18900,,1.5,,,
RC_D_P80,Royal Canin,Dog,SKINTOPIC,"small,medium,large",CANNED,M,Adult,,"chicken,chicken liver,Pork,pork liver,wheat ","Low Protein,Low Fat,non-allergenic","Reproduction,Cardiac issues,hypertension,adrenal disorders","Atopic dermatitis,Skin health",7.7,,5,,1.7,,,,,,,,,,,,,,,,2.3,,,,,0.8,,0.2,,,,,126,," B3,B5,B7,B6,B2,B1,A,B9,B12,D3",26.4,,,,,,,,,14420,,0.1,,,
P_D_P01,Purina,Dog,DH DENTAL HEALTH,"small,medium,large",Dry,M,Adult,,"Chicken,Egg,Corn,Beet",",Moderate Protein,Moderate Fat,Moderate Fiber,Moderate Carb",,"Dental Health,General Health,Healthy Immune System",28.69,71.2,18,44.7,3.23,8,9.49,23.6,42.76,106.1,1.4,3.5,1.13,2.8,0.71,1.8,0.6,1.5,0.11,0.3,10.88,2.7,,,5.2,2.1,0.2,0.09,0,0,,,814,202," C,B1,B2,B6,K,B5,E,B9,b12,A,B3,D3,B7",52.9,213,,,,,,,2.4,0.97,16747,4160,,,
P_D_P02,Purina,Dog,DH DENTAL HEALTH SMALL BITES,small,Dry,M,Adult,,"Chicken,Corn,Egg,Beet",",Moderate Protein,Moderate Fat,Moderate Fiber,Moderate Carb",,"Dental Health,General Health,Healthy Immune System",28.42,69.7,18.85,46.2,3.53,8.7,11.55,28.3,42.3,103.8,1.37,3.4,1.09,2.7,0.66,1.6,0.55,1.3,0.1,0.2,11.36,2.8,,,5.1,2.09,0.2,0.09,0,0,,,847,207.9," C,B1,B2,B6,K,B5,E,B9,b12,A,B3,D3,B7",55.5,226,,,,,,,2.2,0.9,16714,4100,,,
P_D_P03,Purina,Dog,DRM Skin Health MANAGEMENT NATURALS,"small,medium,large",Dry,MG,all,Yes,"Rice,Trout,Oat,Pea,Potato","Natural Nutrition,Moderate Protein,Moderate Fat,Moderate Fiber,Moderate Carb",,"Skin health,General Health,Healthy Immune System",27.28,68.2,18.38,46,2.85,7.1,9.93,24.8,40.19,100.5,1.39,3.5,1.06,2.6,0.82,2,0.43,1.1,0.11,0.3,14.44,3.6,0.2,0.5,4.3,1.73,3,1.21,1.03,2.6,,,761.3,190.3," C,B1,B2,B6,K,B5,A,E,B9,b12,B3,D3,B7",76.4,306,,,,,,,3.6,1.43,11910,2980,,,
P_D_P04,Purina,Dog,EN GASTROENTERIC,"small,medium,large",Dry,MG,all,Yes,"Rice,Corn,Chicken,Colostrum",",Moderate Protein,Moderate Fat,Moderate Fiber,Moderate Carb",,"Gastrointestinal Health,General Health,Healthy Immune System,Pancreatitis",27.7,66.7,12.86,30.9,1.09,2.6,8.04,19.3,50.22,120.9,1.32,3.2,1.09,2.6,0.71,1.7,0.48,1.2,0.1,0.3,16.42,4,,,4.5,1.87,0.4,0.15,0.07,0.2,,,624,150.3," C,B1,B2,B6,K,B5,A,E,B9,b12,B3,D3,B7",68,282,,,,,,,2,0.83,38986,9380,,,
P_D_P05,Purina,Dog,EN GASTROENTERIC NATURALS,"small,medium,large",Dry,MG,all,Yes,"Rice,Chicken,Potato,Pea,Colostrum","Natural Nutrition,Moderate Protein,Moderate Fat,Low Fiber,Moderate Carb",,"Gastrointestinal Health,General Health,Healthy Immune System,Pancreatitis",28.41,68.4,12.86,31,0.85,2.1,6.04,14.5,49.81,120,1.51,3.6,1.21,2.9,0.79,1.9,0.45,1.1,0.1,0.2,17.03,4.1,0.16,0.4,3.6,1.48,0.5,0.19,0.08,0.2,,,641,154.4," C,B1,B2,B6,K,B5,A,E,B9,b12,B3,D3,B7",70.9,294,,,,,,,2.8,1.18,36002,8670,,,
P_D_P06,Purina,Dog,EN GASTROENTERIC FIBER BALANCE,"small,medium,large",Dry,M,Adult,,"Corn,corn,Barley,Whey,Beet","Moderate calorie,Moderate Fat,Low Carb,High Protein,Moderate Protein,Moderate Fat,High Fiber,Moderate Carb",,"Gastrointestinal Health,General Health,diabetes",24.08,65,13.12,35.4,6.66,18,21.57,58.2,48.76,131.6,1.28,3.5,0.89,2.4,0.7,1.9,0.38,1,0.16,0.4,14.94,4,,,4.9,1.82,0.6,0.22,0.14,0.4,,,345,93.1," B1,B6,B2,K,B5,A,E,B9,b12,B3,D3,B7",50.8,188,,,,,,,2.2,0.82,26705,7210,,,
P_D_P07,Purina,Dog,EN GASTROENTERIC LOW FAT,"small,medium,large",Dry,M,Adult,Yes,"Rice,Barley,Corn","Moderate Protein,Low Fat,Moderate Fiber,High Carb",,"Gastrointestinal Health,General Health,Healthy Immune System,Pancreatitis",28.46,73.2,6.77,17.4,1.32,3.4,7.79,20.1,55.44,142.6,1.28,3.3,0.9,2.3,0.8,2.1,0.53,1.4,0.1,0.3,16.03,4.1,,,4.2,1.61,0.2,0.07,0,0,,,716,184.2," C,B1,B2,B6,K,B5,A,E,B9,b12,B3,D3,B7",60.6,235,,,,,,,2.5,0.98,25368,6530,,,
P_D_P08,Purina,Dog,HA HYDROLYZED VEGETARIAN,"small,medium,large",Dry,M,Adult,,Soy,"Plant_based,non-allergenic,Moderate Protein,Moderate Fat,Low Fiber,High Carb",,"Gastrointestinal Health,General Health,Healthy Immune System,Pancreatitis",21.56,53.6,10.67,26.5,1.6,4,4.65,11.6,60.05,149.3,1.2,3,0.91,2.3,0.65,1.6,0.37,0.9,0.16,0.4,17.86,4.4,,,4.8,1.93,0.2,0.07,0,0,,,331,82.3," B1,B6,B2,K,B5,A,E,B9,b12,B3,D3,B7,taurine",79.8,321,,,,,,,1.8,0.73,12691,3150,,,
P_D_P09,Purina,Dog,HA Chicken FLAVOR,"small,medium,large",Dry,M,Adult,,"Corn,Soy,Chicken Liver,Chicken","non-allergenic,Moderate Protein,Moderate Fat,Low Fiber,High Carb",,"Gastrointestinal Health,General Health,Healthy Immune System",21.77,52.9,13.24,32.2,1.53,3.7,4.35,10.6,57.53,139.9,1.15,2.8,0.89,2.2,0.64,1.5,0.37,0.9,0.16,0.4,17.29,4.2,,,6.4,2.64,0.2,0.07,0,0,,,316,76.9," B1,B6,B2,K,B5,A,E,B9,b12,B3,D3,B7,taurine",75.1,309,,,,,,,1.7,0.71,14566,3540,,,
P_D_P10,Purina,Dog,HA HYDROLYZED SALMON FLAVOR,"small,medium,large",Dry,MG,all,,"Corn,Soy,Salmon","non-allergenic,Moderate Protein,Moderate Fat,Low Fiber,Moderate Carb",,"Gastrointestinal Health,General Health,Healthy Immune System,Pancreatitis",25.34,66.4,12.61,33,1.67,4.4,3.95,10.4,52.81,138.4,1.65,4.3,1.09,2.9,0.89,2.3,0.43,1.1,0.14,0.4,15.63,0.4,,,5.2,1.98,1.3,0.49,0.11,0.3,,,621,162.6," B1,B6,B2,K,B5,A,E,B9,b12,B3,D3,B7,taurine",81.1,310,,,,,,,2.5,0.95,11800,3090,,,
P_D_P11,Purina,Dog,JM JOINT MOBILITY,"small,medium,large",Dry,MG,all,Yes,"Rice,Trout,Salmon,Corn,Egg,Chicken","moderate sodium,Weight Management,High Protein,Moderate Fat,Moderate Fiber,Moderate Carb",,"bone and joint health,General Health,Healthy Immune System,Maintain Muscle Mass,Heart Health",34.59,83.9,14.59,35.4,2.02,4.9,9.05,22,41.07,99.6,1.55,3.8,1.32,3.2,0.75,1.8,0.44,1.1,0.1,0.2,18.84,4.6,,,4.9,2.02,2.5,1.04,0.89,2.2,,,1177,285.6," C,B1,B2,B6,K,B5,A,E,B9,b12,B3,D3,B7,taurine",69.6,287,,,,,,,2,0.82,24585,5960,,1149,278.7
P_D_P12,Purina,Dog,NC NEUROCARE,"small,medium,large",Dry,MG,all,Yes,"Chicken,Corn,Rice,Corn,Barley,Egg,Fish","High Protein,Moderate Fat,Moderate Fiber,Moderate Carb",,"Brain Health,General Health,healthy immune system,Maintain Muscle Mass",32.78,80.8,17.6,43.4,1.79,4.4,10.5,25.9,40.41,99.6,1.51,3.7,1.2,3,0.66,1.6,0.36,0.9,0.12,0.3,12.63,3.1,,,5.1,2.09,1.6,0.63,0.5,1.2,,,1118,275.4," C,B1,B2,B6,K,B5,A,E,B9,b12,B3,D3,B7",64.4,261,,,,,,,2.4,0.97,38692,9540,,,
P_D_P13,Purina,Dog,NF KIDNEY FUNCTION,"small,medium,large",Dry,M,Adult,Yes,"Corn,Rice,Egg,Whey","Low Sodium,Low Protein,Moderate Fat,Low Fiber,High Carb",,"urinary health,kidney health,General Health,Healthy Immune System",15.4,34.4,16.04,35.9,1.03,2.3,4.92,11,62.9,140.7,0.68,1.5,0.34,0.8,0.76,1.7,0.28,0.6,0.08,0.2,11.44,2.6,,,5.6,2.51,0.7,0.3,0.14,0.3,,,484,108.3," B1,B6,B2,K,B5,A,E,B9,b12,B3,D3",41.8,187,,,,,,,1.7,0.77,31499,7050,,,
P_D_P14,Purina,Dog,OM OVERWEIGHT MANAGEMENT,"small,medium,large",Dry,M,Adult,,"Corn,Soy,Wheat ","low fat,Low calorie,Weight Management,High Protein,Low Fat,High Fiber,Moderate Carb",catabolic states,"General Health,Healthy Immune System",30.03,92.7,7,21.6,11.22,34.6,24.37,75.3,45.51,140.5,1.25,3.9,0.92,2.8,0.81,2.5,0.19,0.6,0.15,0.5,15.49,4.8,,,5.6,1.81,0.4,0.13,0,0,,,65,20.1," B1,B6,B2,K,B5,A,E,B9,b12,B3,D3,B7",84.4,273,,,,,,,0.9,0.29,11065,3420,,,
P_D_P15,Purina,Dog,OM SELECT BLEND OVERWEIGHT MANAGEMENT,"small,medium,large",Dry,M,Adult,,"Corn,Soy,Chicken","low fat,Low calorie,Weight Management,High Protein,Low Fat,High Fiber,Moderate Carb",catabolic states,"General Health,Healthy Immune System",32.3,100,7.04,21.8,10.74,33.3,28.51,88.3,42.52,131.7,0.99,3.1,0.88,2.7,1.36,4.2,0.29,0.9,0.22,0.7,20.75,6.4,,,4.7,1.51,0.5,0.15,0,0,,,547,169.4," B1,B6,B2,K,A,E,B9,b12,B3,D3,B7",85.7,277,,,,,,,1.5,0.48,11045,3420,,,
P_D_P16,Purina,Dog,OM METABOLIC RESPONSE + JOINT MOBILITY,"small,medium,large",Dry,M,Adult,Yes,"Wheat,Soy,Fish,Pea,Corn,Egg,Beet","Weight Management,High Protein,Moderate Fat,High Fiber,Low Carb",catabolic states,"bone and joint health,Metabolic Activity,Metabolic support",52.68,146.8,12.72,35.5,5.63,15.7,14.13,39.4,19.84,55.3,1.47,4.1,1.03,2.9,1.51,4.2,0.41,1.1,0.15,0.4,14.96,4.2,,,4.5,1.62,3.1,1.12,0.93,2.6,,,768,214.1," B1,B6,B2,K,B5,A,E,B9,b12,B3,D3,B7,taurine",68.2,245,,,,,,,3.3,1.17,13041,3630,,1305,363.9
P_D_P17,Purina,Dog,UR URINARY Ox-St,"small,medium,large",Dry,M,Adult,Yes,"Corn,Rice,chicken,Corn,Egg",",Moderate Protein,Moderate Fat,Moderate Fiber,Moderate Carb","Hyperlipidemia,heart failure","urinary health,kidney health,General Health,Healthy Immune System,",24.12,62.1,11.84,30.5,5.4,13.9,10.9,28.1,49.77,128.2,1.33,3.4,1,2.6,0.73,1.9,1.23,3.2,0.11,0.3,18.87,4.9,,,4.7,1.84,0.2,0.07,0,0,,,599,154.2," B1,A,E,K,D3",73.7,286,,,,,,,5.5,2.15,28564,7360,,,
P_D_P18,Purina,Dog,essentialcare PUPPY FORMULA,"small,medium,large",Dry,MG,Growth,Yes,"Chicken,Rice,Corn,Oat,Beef,Fish,Egg,Colostrum",",High Protein,Moderate Fat,Low Fiber,Moderate Carb",,"Healthy Immune System,Brain Health,Vision Health,bone and joint health,Skin Health,Dental Health",31.7,76,19.9,47.6,1.4,3.2,4.35,9.9,39.1,93.8,1.42,3.4,1.12,2.6,0.78,1.8,0.6,1.4,0.1,0.2,16.1,3.8,,,5.7,2.52,1.2,0.55,0.42,1,,,403,96.7," B1,B6,B2,K,B5,A,E,B9,b12,B3,D3,B7",59.5,248,,,,,,,2.3,0.98,28313,6790,,663,0.159
P_D_P19,Purina,Dog,essentialcare PUPPY FORMULA LARGE BREED,large,Dry,MG,Growth,Yes,"Turkey,Rice,Corn,Corn,Wheat,Beef,Pea,Oat,Fish,Egg,Colostrum","High Protein,Moderate Fat,Low Fiber,Moderate Carb",,"Healthy Immune System,Brain Health,Vision Health,bone and joint health,Skin Health,Dental Health",31.7,81.6,15.7,40.3,3.5,9.1,6.91,16.3,41.2,106.1,1.43,3.6,1.11,2.8,0.76,1.9,0.64,1.6,0.11,0.3,17.1,4.4,,,5.8,2.44,1.3,0.55,0.41,1,,,423,109," B1,B6,B2,K,B5,A,E,B9,b12,B3,D3,B7",68.2,265,,,,,,,2.3,0.91,25126,6470,,647,0.1
P_D_P20,Purina,Dog,essentialcare ADULT FORMULA FOR DOGS,"small,medium,large",Dry,M,Adult,Yes,"Chicken,Rice,Corn,Wheat,Beef","Moderate Protein,Moderate Fat,Low Fiber,Moderate Carb",,"Maintain Muscle Mass,Healthy Immune System,bone and joint health,Skin Health,Dental Health",29.6,64.7,18.9,41.3,1.3,2.9,6.32,13.8,42.2,92.2,1.57,3.4,1.01,2.2,0.78,1.7,0.44,1,0.11,0.2,16.7,3.7,,,4.9,2.25,1.2,0.55,0.43,0.9,,,431,94.3," B1,B6,B2,K,B5,A,E,B9,b12,B3,D3,B7",57.8,264,,,,,,,2.2,1,26575,5800,,577,0.1
P_D_P21,Purina,Dog,essentialcare ADULT FORMULA FOR SMALL DOGS,small,Dry,M,Adult,Yes,"Chicken,Rice,Corn,Corn,Beef,Soy,Egg,Fish","High Protein,Moderate Fat,Moderate Fiber,Moderate Carb",,"Maintain Muscle Mass,Healthy Immune System,bone and joint health,Skin Health,Dental Health,Gastrointestinal Health",33.1,75,19.6,44.6,1.7,3.9,9.21,20.9,37.4,84.8,1.47,3.3,1.08,2.5,0.79,1.8,0.67,1.5,0.12,0.3,19.9,4.5,,,5.6,2.46,0.7,0.32,0.2,0.4,,,690,156," B1,B6,B2,K,B5,A,E,B9,b12,B3,D3,B7,taurine",70.7,312,,,,,,,2.9,1.28,28504,6460,,714,0.16
P_D_P22,Purina,Dog,essentialcare SENIOR FORMULA FOR DOGS,"small,medium,large",Dry,M,Senior,Yes,"Turkey,Rice,Soy,Corn,Wheat,Egg,Oat,Pea,Fish",",High Protein,Moderate Fat,Moderate Fiber,Moderate Carb",,"Brain Health,Maintain Muscle Mass,Healthy Immune System,bone and joint health,Skin Health,Dental Health,Gastrointestinal Health",32.1,81.6,16,40.6,3.1,7.8,10.86,27.6,41.2,104.6,1.22,3.1,1,2.5,0.79,2,0.49,1.2,0.14,0.3,18.6,4.7,,,5.3,2.19,0.8,0.33,0.25,0.6,,,565,143," B1,B6,B2,K,C,B5,A,E,B9,b12,B3,D3,B7",90.5,356,,,,,,,2.5,1.01,34105,8660,,745,0.2
P_D_P23,Purina,Dog,EN GASTROENTERIC,"small,medium,large",Canned,MG,all,Yes,"beef,Barley,Chicken,Rice,Soy,Fish",",High Protein,Moderate Fat,Moderate Fiber,Moderate Carb",,"Gastrointestinal Health,General Health,Healthy Immune System,Pancreatitis",38.35,93.3,19.18,46.7,0.85,2.1,7.58,18.4,33.84,82.3,1.65,4,1.24,3,0.93,2.3,0.41,1,0.08,0.2,16.72,4.1,,,7.1,2.94,0.5,0.21,0.13,0.3,,,523,127.3," B6,B1,B2,B5,A,E,B9,b12,B3,D3,B7",59,243,,,,,,,1.9,0.77,88503,21530,,,
P_D_P24,Purina,Dog,EN GASTROENTERIC NATURALS,"small,medium,large",Canned,MG,all,Yes,"Chicken,Liver,Barley,Rice,Sweet Potato,Potato,Coconut,Oat,Fish","Natural Nutrition,High Protein,Moderate Fat,Moderate Fiber,Moderate Carb",,"Gastrointestinal Health,General Health,Healthy Immune System,Pancreatitis",36.93,79.6,18.66,40.2,0.98,2.1,8.44,18.2,36.92,79.6,1.37,2.9,1.04,2.2,0.96,2.1,0.37,0.8,0.07,0.2,19.37,4.2,0.06,0.1,7,3.25,0.4,0.19,0.06,0.1,,,547,117.9," B6,B1,B2,B5,A,E,B9,b12,B3,D3,B7",52.8,245,,,,,,,2.1,0.97,107108,23090,,,
P_D_P25,Purina,Dog,EN GASTROENTERIC LOW FAT,"small,medium,large",Canned,M,Adult,Yes,"beef,Rice,Barley,Soy,Potato,Salmon","Low fat,High Protein,Low Fat,Moderate Fiber,Moderate Carb",,"Gastrointestinal Health,General Health,Healthy Immune System,Pancreatitis",43.41,120.3,9.4,26.1,3.19,8.8,10.72,29.7,36.89,102.2,0.99,2.8,0.83,2.3,0.9,2.5,0.56,1.6,0.09,0.2,17.87,5,,,4.6,1.65,0.3,0.11,0.06,0.2,,,619,171.5," B6,B1,B2,B5,A,E,B9,b12,B3,D3,B7",40.8,147,,,,,,,2.4,0.86,95049,26350,,,
P_D_P26,Purina,Dog,HA Chicken FLAVOR,"small,medium,large",Canned,MG,all,,"pea,Chicken Liver,Soy,Coconut,Fish","non-allergenic,Moderate Protein,Moderate Fat,High Fiber,Moderate Carb",,"Gastrointestinal Health,General Health,Healthy Immune System",26.63,76.7,12.5,36,8.49,24.5,16.64,48,42.15,121.4,1.38,4,1.31,3.8,1.17,3.4,0.52,1.5,0.07,0.2,19.53,5.6,,,5.3,1.83,0.8,0.28,0.13,0.4,,,552,159.1," B1,B6,B2,K,B5,A,E,B9,b12,B3,D3,B7,taurine",97.7,339,,,,,,,3.5,1.21,49741,14330,,,
P_D_P27,Purina,Dog,NF KIDNEY FUNCTION,"small,medium,large",Canned,M,Adult,Yes,"beef,Rice,Corn,Beef,Liver,chicken,Fish","Low Sodium,Moderate Protein,High Fat,Moderate Fiber,Moderate Carb",,"urinary health,kidney health,General Health,Healthy Immune System",19.31,41.4,28.4,60.9,2.84,6.1,8.4,18,43.96,94.3,0.73,1.6,0.36,0.8,1.08,2.3,0.18,0.4,0.1,0.2,12.58,2.7,,,11.6,5.42,1.1,0.49,0.28,0.6,,,513,110," B6,B1,B2,B5,A,E,B9,b12,B3,D3,B7",39.9,186,,,,,,,1.1,0.53,51949,11150,,,
P_D_P28,Purina,Dog,OM OVERWEIGHT MANAGEMENT,"small,medium,large",Canned,M,Adult,,"Chicken,Liver,Rice,Soy,beef","Low calorie,Weight Management,High Protein,Moderate Fat,High Fiber,Low Carb",catabolic states,"General Health,Healthy Immune System",41.03,130,11.14,35.3,18.51,58.6,29.76,94.3,20.69,65.5,1.3,4.1,1.08,3.4,0.91,2.9,0.67,2.1,0.11,0.3,20.42,6.5,,,6.9,2.19,0.3,0.08,0,0,,,566,179.3," B6,B1,B2,B5,A,E,B9,b12,B3,D3,B7",84.1,265,,,,,,,2.4,0.77,105413,33390,,,
P_D_P29,Purina,Dog,UR URINARY Ox-St,"small,medium,large",Canned,M,Adult,Yes,"Chicken,Rice,beef,Liver",",High Protein,High Fat,High Fiber,Low Carb","Hyperlipidemia,heart failure","urinary health,kidney health,General Health,Healthy Immune System",35.57,84.1,24.39,57.6,10.36,24.5,15.89,37.6,24.02,56.8,1.02,2.4,0.89,2.1,0.87,2,0.23,0.6,0.08,0.2,10.85,2.6,,,10.9,4.62,0.4,0.16,0,0,,,492,116.2," D3,A,B1,E",38.5,163,,,,,,,0.9,0.36,100337,23710,,,
P_D_P30,Purina,Dog,essentialcare PUPPY FORMULA,"small,medium,large",Canned,G,Growth,Yes,"Chicken,Liver,beef,Salmon,Brown Rice",",High Protein,High Fat,Low Carb",,"Healthy Immune System,Brain Health,Vision Health,bone and joint health,Skin Health,Dental Health",43.14,82.5,41.18,78.8,,,,,6.27,12,1.57,3,1.29,2.5,1.22,2.3,0.82,1.6,0.08,0.2,19.61,3.75,,,11.9,6.2,0.8,0.43,0.2,0.4,,,173,33," B6,B1,B2,B5,A,E,B9,b12,B3,D3,B7",60.8,318,,,,,,,3,1.57,153843,29430,,,
P_D_P31,Purina,Dog,essentialcare ADULT FORMULA FOR DOGS,"small,medium,large",Canned,M,Adult,,"Chicken,Liver,Wheat,carrot,Turkey,beef,Soy,Barley","High Protein,Moderate Fat,Low Carb",,"Maintain Muscle Mass,Healthy Immune System,bone and joint health,Skin Health,Dental Health",51.91,127.7,17.87,44,,,,,20,49.2,1.19,2.9,0.94,2.3,1.49,3.7,0.47,1.2,0.13,0.3,22.13,5.45,,,9.3,3.79,0.4,0.17,0,0,,,166,40.8," B6,B1,B2,B5,A,E,B9,b12,B3,D3,B7",86.91,353,,,,,,,3.1,1.28,67357,16570,,,